ISO-10303-21;
HEADER;
FILE_DESCRIPTION (( 'STEP AP214' ),
    '1' );
FILE_NAME ('60õ40.STEP',
    '2026-09-04T10:34:14',
    ( '' ),
    ( '' ),
    'SwSTEP 2.0',
    'SolidWorks 2024',
    '' );
FILE_SCHEMA (( 'AUTOMOTIVE_DESIGN' ));
ENDSEC;

DATA;
#1 = ORIENTED_EDGE ( 'NONE', *, *, #868, .T. ) ;
#2 = AXIS2_PLACEMENT_3D ( 'NONE', #2344, #1625, #1592 ) ;
#3 = DIRECTION ( 'NONE',  ( 1.000000000000000000, 0.000000000000000000, 0.000000000000000000 ) ) ;
#4 = DIRECTION ( 'NONE',  ( -1.000000000000000000, 0.000000000000000000, 0.000000000000000000 ) ) ;
#5 = CIRCLE ( 'NONE', #474, 2.250000000000001776 ) ;
#6 = FACE_OUTER_BOUND ( 'NONE', #635, .T. ) ;
#7 = ORIENTED_EDGE ( 'NONE', *, *, #196, .T. ) ;
#8 = DIRECTION ( 'NONE',  ( -0.000000000000000000, -0.000000000000000000, -1.000000000000000000 ) ) ;
#9 = EDGE_CURVE ( 'NONE', #1327, #1582, #1587, .T. ) ;
#10 = ORIENTED_EDGE ( 'NONE', *, *, #1062, .T. ) ;
#11 = CARTESIAN_POINT ( 'NONE',  ( 4.049999999999999822, 37.19999999999999574, 4.900000000000000355 ) ) ;
#12 = DIRECTION ( 'NONE',  ( 0.000000000000000000, 0.000000000000000000, 1.000000000000000000 ) ) ;
#13 = VERTEX_POINT ( 'NONE', #2326 ) ;
#14 = APPLICATION_PROTOCOL_DEFINITION ( 'draft international standard', 'automotive_design', 1998, #2235 ) ;
#15 = ORIENTED_EDGE ( 'NONE', *, *, #1062, .F. ) ;
#16 = CARTESIAN_POINT ( 'NONE',  ( 4.049999999999999822, 3.499999999999996003, 4.900000000000000355 ) ) ;
#17 = PLANE ( 'NONE',  #1387 ) ;
#18 = EDGE_CURVE ( 'NONE', #1882, #1400, #1235, .T. ) ;
#19 = CARTESIAN_POINT ( 'NONE',  ( 3.500000000000000000, 2.399999999999999911, 2.399999999999999911 ) ) ;
#20 = ORIENTED_EDGE ( 'NONE', *, *, #664, .F. ) ;
#21 = EDGE_CURVE ( 'NONE', #840, #1729, #1384, .T. ) ;
#22 = ORIENTED_EDGE ( 'NONE', *, *, #282, .F. ) ;
#23 = FACE_OUTER_BOUND ( 'NONE', #1936, .T. ) ;
#24 = DIRECTION ( 'NONE',  ( 0.000000000000000000, 0.000000000000000000, 1.000000000000000000 ) ) ;
#25 = ORIENTED_EDGE ( 'NONE', *, *, #836, .T. ) ;
#26 = CARTESIAN_POINT ( 'NONE',  ( 47.77999999999999403, 37.19999999999999574, 14.90000000000000036 ) ) ;
#27 = DIRECTION ( 'NONE',  ( 1.000000000000000000, 0.000000000000000000, 0.000000000000000000 ) ) ;
#28 = LINE ( 'NONE', #1526, #1243 ) ;
#29 = ORIENTED_EDGE ( 'NONE', *, *, #1492, .F. ) ;
#30 = VECTOR ( 'NONE', #1688, 1000.000000000000000 ) ;
#31 = CARTESIAN_POINT ( 'NONE',  ( 56.34999999999999432, 3.499999999999996003, 14.90000000000000036 ) ) ;
#32 = LINE ( 'NONE', #421, #2259 ) ;
#33 = VERTEX_POINT ( 'NONE', #1010 ) ;
#34 = AXIS2_PLACEMENT_3D ( 'NONE', #1423, #1804, #674 ) ;
#35 = CARTESIAN_POINT ( 'NONE',  ( 57.99999999999999289, 0.000000000000000000, 2.399999999999999911 ) ) ;
#36 = CARTESIAN_POINT ( 'NONE',  ( 4.049999999999999822, 10.06999999999999496, 14.90000000000000036 ) ) ;
#37 = CIRCLE ( 'NONE', #1851, 2.000000000000000000 ) ;
#38 = VECTOR ( 'NONE', #1316, 1000.000000000000000 ) ;
#39 = CIRCLE ( 'NONE', #1891, 2.000000000000000000 ) ;
#40 = VECTOR ( 'NONE', #1455, 1000.000000000000000 ) ;
#41 = CIRCLE ( 'NONE', #2256, 0.1000000000000002554 ) ;
#42 = LINE ( 'NONE', #2076, #434 ) ;
#43 = EDGE_LOOP ( 'NONE', ( #1596, #725, #1448, #478, #118 ) ) ;
#44 = TOROIDAL_SURFACE ( 'NONE', #728, 0.2500000000000028311, 2.000000000000000000 ) ;
#45 = EDGE_CURVE ( 'NONE', #1791, #2292, #1759, .T. ) ;
#46 = DIRECTION ( 'NONE',  ( 0.000000000000000000, 0.000000000000000000, 1.000000000000000000 ) ) ;
#47 = CARTESIAN_POINT ( 'NONE',  ( 1.799999999999999156, 12.31999999999999673, 14.90000000000000036 ) ) ;
#48 = EDGE_CURVE ( 'NONE', #1791, #737, #1388, .T. ) ;
#49 = ORIENTED_EDGE ( 'NONE', *, *, #610, .T. ) ;
#50 = CARTESIAN_POINT ( 'NONE',  ( 58.60000000000000142, 28.37999999999999545, 12.90000000000000036 ) ) ;
#51 = PLANE ( 'NONE',  #1114 ) ;
#52 = CARTESIAN_POINT ( 'NONE',  ( 0.000000000000000000, 3.500000000000000000, 0.000000000000000000 ) ) ;
#53 = CARTESIAN_POINT ( 'NONE',  ( 0.000000000000000000, 37.19999999999999574, 4.900000000000000355 ) ) ;
#54 = ORIENTED_EDGE ( 'NONE', *, *, #1671, .T. ) ;
#55 = DIRECTION ( 'NONE',  ( -1.000000000000000000, 0.000000000000000000, 0.000000000000000000 ) ) ;
#56 = CARTESIAN_POINT ( 'NONE',  ( 56.89999999999999147, 3.500000000000000000, 2.399999999999999911 ) ) ;
#57 = VERTEX_POINT ( 'NONE', #2375 ) ;
#58 = VERTEX_POINT ( 'NONE', #2182 ) ;
#59 = ADVANCED_FACE ( 'NONE', ( #543 ), #866, .T. ) ;
#60 = EDGE_CURVE ( 'NONE', #1948, #818, #762, .T. ) ;
#61 = CARTESIAN_POINT ( 'NONE',  ( 4.049999999999999822, 12.31999999999999673, 14.90000000000000036 ) ) ;
#62 = CARTESIAN_POINT ( 'NONE',  ( 53.84999999999999432, 34.69999999999999574, 3.499999999999999556 ) ) ;
#63 = CARTESIAN_POINT ( 'NONE',  ( 53.84999999999999432, 37.19999999999999574, 19.14999999999999858 ) ) ;
#64 = DIRECTION ( 'NONE',  ( 0.000000000000000000, 0.000000000000000000, -1.000000000000000000 ) ) ;
#65 = ORIENTED_EDGE ( 'NONE', *, *, #1776, .F. ) ;
#66 = ADVANCED_FACE ( 'NONE', ( #714 ), #2350, .T. ) ;
#67 = EDGE_CURVE ( 'NONE', #477, #643, #2209, .T. ) ;
#68 = DIRECTION ( 'NONE',  ( -0.000000000000000000, -0.000000000000000000, 1.000000000000000000 ) ) ;
#69 = DIRECTION ( 'NONE',  ( -0.000000000000000000, -0.000000000000000000, 1.000000000000000000 ) ) ;
#70 = ORIENTED_EDGE ( 'NONE', *, *, #733, .F. ) ;
#71 = VERTEX_POINT ( 'NONE', #1979 ) ;
#72 = ORIENTED_EDGE ( 'NONE', *, *, #1556, .T. ) ;
#73 = DIRECTION ( 'NONE',  ( -1.000000000000000000, 0.000000000000000000, 0.000000000000000000 ) ) ;
#74 = CARTESIAN_POINT ( 'NONE',  ( 47.52999999999999403, 3.499999999999996003, 12.90000000000000036 ) ) ;
#75 = FACE_OUTER_BOUND ( 'NONE', #2030, .T. ) ;
#76 = DIRECTION ( 'NONE',  ( -0.000000000000000000, -0.000000000000000000, -1.000000000000000000 ) ) ;
#77 = VECTOR ( 'NONE', #2192, 1000.000000000000000 ) ;
#78 = CIRCLE ( 'NONE', #508, 2.250000000000001776 ) ;
#79 = ORIENTED_EDGE ( 'NONE', *, *, #67, .T. ) ;
#80 = ORIENTED_EDGE ( 'NONE', *, *, #45, .F. ) ;
#81 = AXIS2_PLACEMENT_3D ( 'NONE', #62, #1902, #1332 ) ;
#82 = AXIS2_PLACEMENT_3D ( 'NONE', #815, #1529, #775 ) ;
#83 = VERTEX_POINT ( 'NONE', #1601 ) ;
#84 = CIRCLE ( 'NONE', #397, 2.000000000000000000 ) ;
#85 = VECTOR ( 'NONE', #467, 1000.000000000000000 ) ;
#86 = CARTESIAN_POINT ( 'NONE',  ( 56.34999999999999432, 12.31999999999999673, 14.90000000000000036 ) ) ;
#87 = EDGE_LOOP ( 'NONE', ( #408, #2123, #65, #2319 ) ) ;
#88 = ORIENTED_EDGE ( 'NONE', *, *, #1246, .F. ) ;
#89 = VERTEX_POINT ( 'NONE', #875 ) ;
#90 = DIRECTION ( 'NONE',  ( -1.000000000000000000, 0.000000000000000000, 0.000000000000000000 ) ) ;
#91 = DIRECTION ( 'NONE',  ( -0.000000000000000000, -0.000000000000000000, 1.000000000000000000 ) ) ;
#92 = CARTESIAN_POINT ( 'NONE',  ( 56.89999999999999147, 37.19999999999999574, 4.900000000000000355 ) ) ;
#93 = LINE ( 'NONE', #1537, #85 ) ;
#94 = ORIENTED_EDGE ( 'NONE', *, *, #1451, .T. ) ;
#95 = ADVANCED_FACE ( 'NONE', ( #1441 ), #2393, .F. ) ;
#96 = ADVANCED_FACE ( 'NONE', ( #533 ), #1263, .F. ) ;
#97 = CARTESIAN_POINT ( 'NONE',  ( 4.049999999999999822, 5.899999999999995914, 3.499999999999999556 ) ) ;
#98 = ORIENTED_EDGE ( 'NONE', *, *, #1480, .F. ) ;
#99 = ORIENTED_EDGE ( 'NONE', *, *, #1556, .F. ) ;
#100 = EDGE_CURVE ( 'NONE', #1512, #1520, #2009, .T. ) ;
#101 = CARTESIAN_POINT ( 'NONE',  ( 6.549999999999998934, 3.499999999999996003, 19.14999999999999858 ) ) ;
#102 = CARTESIAN_POINT ( 'NONE',  ( 5.449999999999999289, 0.000000000000000000, 3.500000000000000888 ) ) ;
#103 = CARTESIAN_POINT ( 'NONE',  ( 6.549999999999999822, 34.69999999999999574, 19.14999999999999858 ) ) ;
#104 = CARTESIAN_POINT ( 'NONE',  ( 6.549999999999998046, 4.899999999999995914, 2.500000000000000888 ) ) ;
#105 = CARTESIAN_POINT ( 'NONE',  ( 56.34999999999999432, 30.62999999999999901, 4.900000000000000355 ) ) ;
#106 = ORIENTED_EDGE ( 'NONE', *, *, #2400, .T. ) ;
#107 = ORIENTED_EDGE ( 'NONE', *, *, #1779, .T. ) ;
#108 = ORIENTED_EDGE ( 'NONE', *, *, #386, .T. ) ;
#109 = ORIENTED_EDGE ( 'NONE', *, *, #2066, .T. ) ;
#110 = ORIENTED_EDGE ( 'NONE', *, *, #159, .T. ) ;
#111 = VERTEX_POINT ( 'NONE', #360 ) ;
#112 = CARTESIAN_POINT ( 'NONE',  ( 49.78000000000000114, 3.499999999999996003, 14.90000000000000036 ) ) ;
#113 = DIRECTION ( 'NONE',  ( 0.000000000000000000, 0.000000000000000000, 1.000000000000000000 ) ) ;
#114 = CARTESIAN_POINT ( 'NONE',  ( 4.049999999999999822, 10.06999999999999496, 4.900000000000000355 ) ) ;
#115 = DIRECTION ( 'NONE',  ( 0.000000000000000000, 0.000000000000000000, -1.000000000000000000 ) ) ;
#116 = ORIENTED_EDGE ( 'NONE', *, *, #190, .T. ) ;
#117 = ORIENTED_EDGE ( 'NONE', *, *, #60, .T. ) ;
#118 = ORIENTED_EDGE ( 'NONE', *, *, #2287, .T. ) ;
#119 = CIRCLE ( 'NONE', #1889, 2.000000000000000000 ) ;
#120 = VECTOR ( 'NONE', #2260, 1000.000000000000000 ) ;
#121 = CARTESIAN_POINT ( 'NONE',  ( 56.34999999999999432, 14.56999999999999851, 4.900000000000000355 ) ) ;
#122 = VECTOR ( 'NONE', #1680, 1000.000000000000000 ) ;
#123 = TOROIDAL_SURFACE ( 'NONE', #609, 0.2500000000000014988, 2.000000000000000000 ) ;
#124 = ORIENTED_EDGE ( 'NONE', *, *, #2102, .F. ) ;
#125 = EDGE_CURVE ( 'NONE', #816, #1311, #1059, .T. ) ;
#126 = ADVANCED_FACE ( 'NONE', ( #1610 ), #2001, .T. ) ;
#127 = CIRCLE ( 'NONE', #2186, 0.1000000000000028644 ) ;
#128 = DIRECTION ( 'NONE',  ( 0.000000000000000000, 0.000000000000000000, 1.000000000000000000 ) ) ;
#129 = DIRECTION ( 'NONE',  ( -1.000000000000000000, 0.000000000000000000, 0.000000000000000000 ) ) ;
#130 = CARTESIAN_POINT ( 'NONE',  ( 60.39999999999999858, 3.500000000000000000, 4.900000000000000355 ) ) ;
#131 = FACE_OUTER_BOUND ( 'NONE', #486, .T. ) ;
#132 = CARTESIAN_POINT ( 'NONE',  ( 6.449999999999999289, 5.999999999999994671, 3.499999999999999556 ) ) ;
#133 = ORIENTED_EDGE ( 'NONE', *, *, #869, .T. ) ;
#134 = EDGE_CURVE ( 'NONE', #1825, #1959, #1645, .T. ) ;
#135 = ORIENTED_EDGE ( 'NONE', *, *, #1452, .T. ) ;
#136 = DIRECTION ( 'NONE',  ( -1.000000000000000000, 0.000000000000000000, 0.000000000000000000 ) ) ;
#137 =( LENGTH_UNIT ( ) NAMED_UNIT ( * ) SI_UNIT ( .MILLI., .METRE. ) );
#138 = DIRECTION ( 'NONE',  ( 0.000000000000000000, -0.000000000000000000, 1.000000000000000000 ) ) ;
#139 = DIRECTION ( 'NONE',  ( -0.000000000000000000, -0.000000000000000000, 1.000000000000000000 ) ) ;
#140 = CARTESIAN_POINT ( 'NONE',  ( 6.549999999999998934, 5.999999999999995559, 19.14999999999999858 ) ) ;
#141 = EDGE_CURVE ( 'NONE', #827, #1882, #346, .T. ) ;
#142 = CARTESIAN_POINT ( 'NONE',  ( 2.399999999999999911, 37.19999999999999574, 2.399999999999999911 ) ) ;
#143 = CYLINDRICAL_SURFACE ( 'NONE', #1540, 3.500000000000000000 ) ;
#144 = ORIENTED_EDGE ( 'NONE', *, *, #2090, .T. ) ;
#145 = DIRECTION ( 'NONE',  ( 0.000000000000000000, 0.000000000000000000, 1.000000000000000000 ) ) ;
#146 = EDGE_CURVE ( 'NONE', #894, #747, #1144, .T. ) ;
#147 = EDGE_CURVE ( 'NONE', #1940, #13, #2177, .T. ) ;
#148 = DIRECTION ( 'NONE',  ( 0.000000000000000000, 0.000000000000000000, -1.000000000000000000 ) ) ;
#149 = EDGE_CURVE ( 'NONE', #1282, #2278, #119, .T. ) ;
#150 = CARTESIAN_POINT ( 'NONE',  ( 0.000000000000000000, 38.29999999999999716, 2.500000000000000888 ) ) ;
#151 = VECTOR ( 'NONE', #1498, 1000.000000000000000 ) ;
#152 = CARTESIAN_POINT ( 'NONE',  ( 0.000000000000000000, 0.000000000000000000, 4.900000000000000355 ) ) ;
#153 = LINE ( 'NONE', #1446, #1503 ) ;
#154 = CARTESIAN_POINT ( 'NONE',  ( 56.59999999999999432, 28.37999999999999545, 14.90000000000000036 ) ) ;
#155 = ORIENTED_EDGE ( 'NONE', *, *, #790, .T. ) ;
#156 = UNCERTAINTY_MEASURE_WITH_UNIT (LENGTH_MEASURE( 1.000000000000000082E-05 ), #137, 'distance_accuracy_value', 'NONE');
#157 = VERTEX_POINT ( 'NONE', #1248 ) ;
#158 = AXIS2_PLACEMENT_3D ( 'NONE', #1065, #1054, #1447 ) ;
#159 = EDGE_CURVE ( 'NONE', #2153, #759, #1814, .T. ) ;
#160 = VECTOR ( 'NONE', #2127, 1000.000000000000000 ) ;
#161 = AXIS2_PLACEMENT_3D ( 'NONE', #61, #788, #1023 ) ;
#162 = DIRECTION ( 'NONE',  ( 0.000000000000000000, 0.000000000000000000, -1.000000000000000000 ) ) ;
#163 = DIRECTION ( 'NONE',  ( 0.000000000000000000, 0.000000000000000000, -1.000000000000000000 ) ) ;
#164 = CIRCLE ( 'NONE', #966, 0.2500000000000002220 ) ;
#165 = LINE ( 'NONE', #1401, #1472 ) ;
#166 = FACE_OUTER_BOUND ( 'NONE', #1964, .T. ) ;
#167 = EDGE_CURVE ( 'NONE', #485, #1898, #337, .T. ) ;
#168 =( GEOMETRIC_REPRESENTATION_CONTEXT ( 3 ) GLOBAL_UNCERTAINTY_ASSIGNED_CONTEXT ( ( #156 ) ) GLOBAL_UNIT_ASSIGNED_CONTEXT ( ( #137, #2163, #512 ) ) REPRESENTATION_CONTEXT ( 'NONE', 'WORKASPACE' ) );
#169 = DIRECTION ( 'NONE',  ( -1.000000000000000000, 0.000000000000000000, 0.000000000000000000 ) ) ;
#170 = DIRECTION ( 'NONE',  ( -0.000000000000000000, -0.000000000000000000, -1.000000000000000000 ) ) ;
#171 = EDGE_CURVE ( 'NONE', #880, #1923, #923, .T. ) ;
#172 = EDGE_CURVE ( 'NONE', #2236, #2312, #423, .T. ) ;
#173 = EDGE_LOOP ( 'NONE', ( #795, #1764, #344, #1907 ) ) ;
#174 = DIRECTION ( 'NONE',  ( 0.000000000000000000, 1.000000000000000000, 0.000000000000000000 ) ) ;
#175 = FACE_OUTER_BOUND ( 'NONE', #1103, .T. ) ;
#176 = EDGE_CURVE ( 'NONE', #1095, #71, #153, .T. ) ;
#177 = ORIENTED_EDGE ( 'NONE', *, *, #2102, .T. ) ;
#178 = LINE ( 'NONE', #1107, #612 ) ;
#179 = LINE ( 'NONE', #687, #578 ) ;
#180 = ORIENTED_EDGE ( 'NONE', *, *, #319, .F. ) ;
#181 = ADVANCED_BREP_SHAPE_REPRESENTATION ( '60\X2\0445\X0\40', ( #1585, #2379 ), #1699 ) ;
#182 = DIRECTION ( 'NONE',  ( -1.000000000000000000, 0.000000000000000000, 0.000000000000000000 ) ) ;
#183 = DIRECTION ( 'NONE',  ( -1.000000000000000000, 0.000000000000000000, 0.000000000000000000 ) ) ;
#184 = VERTEX_POINT ( 'NONE', #1830 ) ;
#185 = DIRECTION ( 'NONE',  ( 0.000000000000000000, 0.000000000000000000, 1.000000000000000000 ) ) ;
#186 = DIRECTION ( 'NONE',  ( 0.000000000000000000, 0.000000000000000000, 1.000000000000000000 ) ) ;
#187 = DIRECTION ( 'NONE',  ( -1.000000000000000000, -8.673617379884032317E-15, 0.000000000000000000 ) ) ;
#188 = ORIENTED_EDGE ( 'NONE', *, *, #1827, .T. ) ;
#189 = DIRECTION ( 'NONE',  ( 0.000000000000000000, 0.000000000000000000, 1.000000000000000000 ) ) ;
#190 = EDGE_CURVE ( 'NONE', #2078, #992, #1623, .T. ) ;
#191 = CYLINDRICAL_SURFACE ( 'NONE', #720, 0.1000000000000002554 ) ;
#192 = DIRECTION ( 'NONE',  ( -0.000000000000000000, -0.000000000000000000, 1.000000000000000000 ) ) ;
#193 = CIRCLE ( 'NONE', #1539, 2.250000000000001776 ) ;
#194 = ORIENTED_EDGE ( 'NONE', *, *, #1651, .F. ) ;
#195 = AXIS2_PLACEMENT_3D ( 'NONE', #1336, #293, #2128 ) ;
#196 = EDGE_CURVE ( 'NONE', #333, #2147, #37, .T. ) ;
#197 = EDGE_CURVE ( 'NONE', #1399, #2148, #468, .T. ) ;
#198 = CIRCLE ( 'NONE', #1197, 2.000000000000000000 ) ;
#199 = AXIS2_PLACEMENT_3D ( 'NONE', #291, #442, #626 ) ;
#200 = CIRCLE ( 'NONE', #1746, 2.250000000000000444 ) ;
#201 = DIRECTION ( 'NONE',  ( 1.000000000000000000, 0.000000000000000000, 0.000000000000000000 ) ) ;
#202 = FACE_OUTER_BOUND ( 'NONE', #1900, .T. ) ;
#203 = VECTOR ( 'NONE', #925, 1000.000000000000000 ) ;
#204 = AXIS2_PLACEMENT_3D ( 'NONE', #1681, #1097, #27 ) ;
#205 = CARTESIAN_POINT ( 'NONE',  ( 4.049999999999999822, 3.499999999999996003, 4.900000000000000355 ) ) ;
#206 = ADVANCED_FACE ( 'NONE', ( #897 ), #191, .F. ) ;
#207 = ORIENTED_EDGE ( 'NONE', *, *, #1125, .F. ) ;
#208 = ORIENTED_EDGE ( 'NONE', *, *, #448, .F. ) ;
#209 = DIRECTION ( 'NONE',  ( -1.000000000000000000, 0.000000000000000000, 0.000000000000000000 ) ) ;
#210 = EDGE_LOOP ( 'NONE', ( #1347, #521, #864, #79 ) ) ;
#211 = CARTESIAN_POINT ( 'NONE',  ( 15.11999999999999922, 3.499999999999996003, 4.900000000000000355 ) ) ;
#212 = CARTESIAN_POINT ( 'NONE',  ( 53.84999999999999432, 5.999999999999994671, 19.14999999999999858 ) ) ;
#213 = DIRECTION ( 'NONE',  ( 0.000000000000000000, 0.000000000000000000, -1.000000000000000000 ) ) ;
#214 = ORIENTED_EDGE ( 'NONE', *, *, #1807, .F. ) ;
#215 = ORIENTED_EDGE ( 'NONE', *, *, #1195, .F. ) ;
#216 = EDGE_LOOP ( 'NONE', ( #1159, #2324, #1867, #1407, #332, #1020, #1890, #689, #872, #49, #194, #580, #1965, #1279, #462, #794 ) ) ;
#217 = CARTESIAN_POINT ( 'NONE',  ( 53.94999999999999574, 3.499999999999996003, 19.14999999999999858 ) ) ;
#218 = DIRECTION ( 'NONE',  ( 0.000000000000000000, 0.000000000000000000, -1.000000000000000000 ) ) ;
#219 = ORIENTED_EDGE ( 'NONE', *, *, #197, .T. ) ;
#220 = ORIENTED_EDGE ( 'NONE', *, *, #617, .T. ) ;
#221 = DIRECTION ( 'NONE',  ( -1.000000000000000000, 0.000000000000000000, 0.000000000000000000 ) ) ;
#222 = DIRECTION ( 'NONE',  ( 0.000000000000000000, 0.000000000000000000, -1.000000000000000000 ) ) ;
#223 = DIRECTION ( 'NONE',  ( 1.000000000000000000, 0.000000000000000000, 0.000000000000000000 ) ) ;
#224 = ORIENTED_EDGE ( 'NONE', *, *, #1727, .T. ) ;
#225 = ORIENTED_EDGE ( 'NONE', *, *, #904, .T. ) ;
#226 = DIRECTION ( 'NONE',  ( -0.000000000000000000, 1.000000000000000000, -0.000000000000000000 ) ) ;
#227 = LINE ( 'NONE', #47, #1632 ) ;
#228 = ORIENTED_EDGE ( 'NONE', *, *, #1827, .F. ) ;
#229 = AXIS2_PLACEMENT_3D ( 'NONE', #526, #2002, #401 ) ;
#230 = LINE ( 'NONE', #1193, #2213 ) ;
#231 = LINE ( 'NONE', #555, #2015 ) ;
#232 = VECTOR ( 'NONE', #2070, 1000.000000000000000 ) ;
#233 = AXIS2_PLACEMENT_3D ( 'NONE', #1425, #867, #2185 ) ;
#234 = DIRECTION ( 'NONE',  ( -1.000000000000000000, 0.000000000000000000, 0.000000000000000000 ) ) ;
#235 = CIRCLE ( 'NONE', #2018, 1.100000000000003642 ) ;
#236 = VECTOR ( 'NONE', #715, 1000.000000000000000 ) ;
#237 = DIRECTION ( 'NONE',  ( 1.000000000000000000, -0.000000000000000000, 0.000000000000000000 ) ) ;
#238 = ORIENTED_EDGE ( 'NONE', *, *, #159, .F. ) ;
#239 = AXIS2_PLACEMENT_3D ( 'NONE', #1843, #1855, #2243 ) ;
#240 = EDGE_CURVE ( 'NONE', #827, #477, #2207, .T. ) ;
#241 = ADVANCED_FACE ( 'NONE', ( #905 ), #544, .T. ) ;
#242 = CARTESIAN_POINT ( 'NONE',  ( 4.049999999999999822, 14.56999999999999673, 4.900000000000001243 ) ) ;
#243 = CARTESIAN_POINT ( 'NONE',  ( 49.78000000000000114, 37.19999999999999574, 12.90000000000000036 ) ) ;
#244 = ORIENTED_EDGE ( 'NONE', *, *, #1651, .T. ) ;
#245 = ORIENTED_EDGE ( 'NONE', *, *, #745, .T. ) ;
#246 = EDGE_CURVE ( 'NONE', #584, #1171, #1485, .T. ) ;
#247 = DIRECTION ( 'NONE',  ( 1.000000000000000000, 0.000000000000000000, 0.000000000000000000 ) ) ;
#248 = FACE_OUTER_BOUND ( 'NONE', #622, .T. ) ;
#249 = DIRECTION ( 'NONE',  ( 0.000000000000000000, 0.000000000000000000, -1.000000000000000000 ) ) ;
#250 = DIRECTION ( 'NONE',  ( 0.000000000000000000, 0.000000000000000000, -1.000000000000000000 ) ) ;
#251 = VERTEX_POINT ( 'NONE', #2376 ) ;
#252 = EDGE_CURVE ( 'NONE', #1164, #1721, #2036, .T. ) ;
#253 = PLANE ( 'NONE',  #315 ) ;
#254 = DIRECTION ( 'NONE',  ( 1.000000000000000000, 0.000000000000000000, 0.000000000000000000 ) ) ;
#255 = VERTEX_POINT ( 'NONE', #1668 ) ;
#256 = EDGE_LOOP ( 'NONE', ( #1570, #928, #302, #659 ) ) ;
#257 = ADVANCED_FACE ( 'NONE', ( #2237 ), #1297, .T. ) ;
#258 = EDGE_LOOP ( 'NONE', ( #219, #108, #2035, #54 ) ) ;
#259 = DIRECTION ( 'NONE',  ( 0.000000000000000000, -1.000000000000000000, 0.000000000000000000 ) ) ;
#260 = DIRECTION ( 'NONE',  ( 1.000000000000000000, 0.000000000000000000, 0.000000000000000000 ) ) ;
#261 = DIRECTION ( 'NONE',  ( 0.000000000000000000, 0.000000000000000000, -1.000000000000000000 ) ) ;
#262 = DIRECTION ( 'NONE',  ( -1.000000000000000000, 0.000000000000000000, 0.000000000000000000 ) ) ;
#263 = ORIENTED_EDGE ( 'NONE', *, *, #1807, .T. ) ;
#264 = DIRECTION ( 'NONE',  ( 0.000000000000000000, 0.000000000000000000, 1.000000000000000000 ) ) ;
#265 = ORIENTED_EDGE ( 'NONE', *, *, #729, .T. ) ;
#266 = CARTESIAN_POINT ( 'NONE',  ( 4.049999999999999822, 37.19999999999999574, 19.14999999999999858 ) ) ;
#267 = VERTEX_POINT ( 'NONE', #889 ) ;
#268 = EDGE_LOOP ( 'NONE', ( #345, #1872, #863, #2390, #970, #432, #979, #751 ) ) ;
#269 = EDGE_LOOP ( 'NONE', ( #811, #939, #314, #367, #1130, #1949, #2065, #433 ) ) ;
#270 = DIRECTION ( 'NONE',  ( 0.000000000000000000, 0.000000000000000000, -1.000000000000000000 ) ) ;
#271 = CARTESIAN_POINT ( 'NONE',  ( 6.549999999999999822, 37.19999999999999574, 4.900000000000000355 ) ) ;
#272 = ADVANCED_FACE ( 'NONE', ( #1118 ), #1442, .T. ) ;
#273 = ADVANCED_FACE ( 'NONE', ( #23 ), #2253, .T. ) ;
#274 = CARTESIAN_POINT ( 'NONE',  ( 6.549999999999990052, 35.79999999999999716, 2.500000000000000888 ) ) ;
#275 = CARTESIAN_POINT ( 'NONE',  ( 4.049999999999999822, 12.31999999999999673, 12.90000000000000036 ) ) ;
#276 = VECTOR ( 'NONE', #753, 1000.000000000000000 ) ;
#277 = AXIS2_PLACEMENT_3D ( 'NONE', #1841, #718, #1689 ) ;
#278 = VERTEX_POINT ( 'NONE', #1868 ) ;
#279 = AXIS2_PLACEMENT_3D ( 'NONE', #649, #483, #1525 ) ;
#280 = AXIS2_PLACEMENT_3D ( 'NONE', #310, #2387, #844 ) ;
#281 = VECTOR ( 'NONE', #1443, 1000.000000000000000 ) ;
#282 = EDGE_CURVE ( 'NONE', #942, #982, #800, .T. ) ;
#283 = EDGE_LOOP ( 'NONE', ( #624, #1801, #1581, #835 ) ) ;
#284 = AXIS2_PLACEMENT_3D ( 'NONE', #946, #2042, #780 ) ;
#285 = TOROIDAL_SURFACE ( 'NONE', #2178, 1.100000000000000311, 1.000000000000000000 ) ;
#286 = DIRECTION ( 'NONE',  ( 1.000000000000000000, 0.000000000000000000, 0.000000000000000000 ) ) ;
#287 = VERTEX_POINT ( 'NONE', #591 ) ;
#288 = ORIENTED_EDGE ( 'NONE', *, *, #1430, .F. ) ;
#289 = ORIENTED_EDGE ( 'NONE', *, *, #1070, .T. ) ;
#290 = CARTESIAN_POINT ( 'NONE',  ( 3.500000000000000000, 37.19999999999999574, 2.500000000000000888 ) ) ;
#291 = CARTESIAN_POINT ( 'NONE',  ( 3.500000000000000000, 3.500000000000000000, 4.900000000000000355 ) ) ;
#292 = FACE_OUTER_BOUND ( 'NONE', #1737, .T. ) ;
#293 = DIRECTION ( 'NONE',  ( 1.000000000000000000, -0.000000000000000000, 0.000000000000000000 ) ) ;
#294 = EDGE_LOOP ( 'NONE', ( #313, #1931, #907, #1022, #1859, #1406, #1184, #735 ) ) ;
#295 = ORIENTED_EDGE ( 'NONE', *, *, #1048, .T. ) ;
#296 = ORIENTED_EDGE ( 'NONE', *, *, #550, .F. ) ;
#297 = VERTEX_POINT ( 'NONE', #242 ) ;
#298 = ORIENTED_EDGE ( 'NONE', *, *, #447, .F. ) ;
#299 = CYLINDRICAL_SURFACE ( 'NONE', #767, 1.100000000000003642 ) ;
#300 = DIRECTION ( 'NONE',  ( -0.000000000000000000, -0.000000000000000000, -1.000000000000000000 ) ) ;
#301 = DIRECTION ( 'NONE',  ( 0.000000000000000000, 0.000000000000000000, -1.000000000000000000 ) ) ;
#302 = ORIENTED_EDGE ( 'NONE', *, *, #1480, .T. ) ;
#303 = EDGE_LOOP ( 'NONE', ( #740, #706, #1055, #506 ) ) ;
#304 = ADVANCED_FACE ( 'NONE', ( #1127 ), #253, .T. ) ;
#305 = DIRECTION ( 'NONE',  ( -1.000000000000000000, 0.000000000000000000, 0.000000000000000000 ) ) ;
#306 = FACE_OUTER_BOUND ( 'NONE', #980, .T. ) ;
#307 = ORIENTED_EDGE ( 'NONE', *, *, #1047, .T. ) ;
#308 = ORIENTED_EDGE ( 'NONE', *, *, #2168, .F. ) ;
#309 = DIRECTION ( 'NONE',  ( -1.000000000000000000, 0.000000000000000000, 0.000000000000000000 ) ) ;
#310 = CARTESIAN_POINT ( 'NONE',  ( 56.34999999999999432, 28.37999999999999545, 4.900000000000001243 ) ) ;
#311 = CARTESIAN_POINT ( 'NONE',  ( 4.049999999999999822, 37.19999999999999574, 19.14999999999999858 ) ) ;
#312 = FACE_OUTER_BOUND ( 'NONE', #1006, .T. ) ;
#313 = ORIENTED_EDGE ( 'NONE', *, *, #171, .F. ) ;
#314 = ORIENTED_EDGE ( 'NONE', *, *, #1391, .F. ) ;
#315 = AXIS2_PLACEMENT_3D ( 'NONE', #217, #55, #748 ) ;
#316 = AXIS2_PLACEMENT_3D ( 'NONE', #2110, #450, #1517 ) ;
#317 = VECTOR ( 'NONE', #1863, 1000.000000000000000 ) ;
#318 = TOROIDAL_SURFACE ( 'NONE', #1938, 1.100000000000000311, 1.000000000000000000 ) ;
#319 = EDGE_CURVE ( 'NONE', #2278, #1948, #929, .T. ) ;
#320 = ADVANCED_FACE ( 'NONE', ( #2270 ), #797, .T. ) ;
#321 = DIRECTION ( 'NONE',  ( -1.000000000000000000, 0.000000000000000000, 0.000000000000000000 ) ) ;
#322 = CARTESIAN_POINT ( 'NONE',  ( 53.84999999999999432, 34.69999999999999574, 3.499999999999999556 ) ) ;
#323 = AXIS2_PLACEMENT_3D ( 'NONE', #394, #1840, #221 ) ;
#324 = AXIS2_PLACEMENT_3D ( 'NONE', #336, #145, #1007 ) ;
#325 = ORIENTED_EDGE ( 'NONE', *, *, #730, .T. ) ;
#326 = AXIS2_PLACEMENT_3D ( 'NONE', #576, #732, #1132 ) ;
#327 = CARTESIAN_POINT ( 'NONE',  ( 4.049999999999999822, 3.499999999999996003, 19.14999999999999858 ) ) ;
#328 = DIRECTION ( 'NONE',  ( 1.000000000000000000, 0.000000000000000000, 0.000000000000000000 ) ) ;
#329 = CARTESIAN_POINT ( 'NONE',  ( 6.549999999999998934, 3.499999999999996003, 4.900000000000000355 ) ) ;
#330 = CARTESIAN_POINT ( 'NONE',  ( 56.89999999999999147, 40.70000000000000284, 4.900000000000000355 ) ) ;
#331 = CARTESIAN_POINT ( 'NONE',  ( 13.11999999999999922, 3.499999999999996003, 14.90000000000000036 ) ) ;
#332 = ORIENTED_EDGE ( 'NONE', *, *, #2175, .T. ) ;
#333 = VERTEX_POINT ( 'NONE', #2097 ) ;
#334 = CIRCLE ( 'NONE', #927, 2.000000000000000000 ) ;
#335 = CARTESIAN_POINT ( 'NONE',  ( 1.799999999999996492, 28.37999999999999545, 14.90000000000000036 ) ) ;
#336 = CARTESIAN_POINT ( 'NONE',  ( 47.52999999999999403, 37.19999999999999574, 4.900000000000000355 ) ) ;
#337 = LINE ( 'NONE', #1885, #1339 ) ;
#338 = LINE ( 'NONE', #112, #359 ) ;
#339 = DIRECTION ( 'NONE',  ( 1.000000000000000000, 0.000000000000000000, -0.000000000000000000 ) ) ;
#340 = EDGE_CURVE ( 'NONE', #157, #1361, #1677, .T. ) ;
#341 = DIRECTION ( 'NONE',  ( -1.000000000000000000, -7.885106708985460438E-16, 0.000000000000000000 ) ) ;
#342 = DIRECTION ( 'NONE',  ( -1.000000000000000000, 0.000000000000000000, 0.000000000000000000 ) ) ;
#343 = ORIENTED_EDGE ( 'NONE', *, *, #902, .F. ) ;
#344 = ORIENTED_EDGE ( 'NONE', *, *, #1451, .F. ) ;
#345 = ORIENTED_EDGE ( 'NONE', *, *, #1875, .T. ) ;
#346 = LINE ( 'NONE', #1068, #1191 ) ;
#347 = DIRECTION ( 'NONE',  ( 0.000000000000000000, 0.000000000000000000, 1.000000000000000000 ) ) ;
#348 = CARTESIAN_POINT ( 'NONE',  ( 6.549999999999998046, 5.899999999999995914, 19.14999999999999858 ) ) ;
#349 = EDGE_CURVE ( 'NONE', #1774, #2349, #940, .T. ) ;
#350 = EDGE_CURVE ( 'NONE', #255, #1926, #193, .T. ) ;
#351 = FACE_OUTER_BOUND ( 'NONE', #1723, .T. ) ;
#352 = DIRECTION ( 'NONE',  ( 0.000000000000000000, 0.000000000000000000, -1.000000000000000000 ) ) ;
#353 = ORIENTED_EDGE ( 'NONE', *, *, #1958, .F. ) ;
#354 = UNCERTAINTY_MEASURE_WITH_UNIT (LENGTH_MEASURE( 1.000000000000000082E-05 ), #1266, 'distance_accuracy_value', 'NONE');
#355 = VECTOR ( 'NONE', #1256, 1000.000000000000000 ) ;
#356 = EDGE_CURVE ( 'NONE', #2000, #881, #760, .T. ) ;
#357 = CIRCLE ( 'NONE', #471, 2.250000000000000444 ) ;
#358 = CIRCLE ( 'NONE', #2372, 1.100000000000003642 ) ;
#359 = VECTOR ( 'NONE', #1602, 1000.000000000000000 ) ;
#360 = CARTESIAN_POINT ( 'NONE',  ( 53.84999999999998010, 35.79999999999999716, 2.500000000000000888 ) ) ;
#361 = DIRECTION ( 'NONE',  ( 0.000000000000000000, -0.000000000000000000, -1.000000000000000000 ) ) ;
#362 = CARTESIAN_POINT ( 'NONE',  ( 0.000000000000000000, 0.000000000000000000, 4.900000000000000355 ) ) ;
#363 = ORIENTED_EDGE ( 'NONE', *, *, #869, .F. ) ;
#364 = AXIS2_PLACEMENT_3D ( 'NONE', #384, #213, #1124 ) ;
#365 = DIRECTION ( 'NONE',  ( 1.000000000000000000, 0.000000000000000000, 0.000000000000000000 ) ) ;
#366 = DIRECTION ( 'NONE',  ( -1.000000000000000000, 0.000000000000000000, 0.000000000000000000 ) ) ;
#367 = ORIENTED_EDGE ( 'NONE', *, *, #497, .F. ) ;
#368 = VECTOR ( 'NONE', #777, 1000.000000000000000 ) ;
#369 = CARTESIAN_POINT ( 'NONE',  ( 4.049999999999999822, 12.31999999999999673, 14.90000000000000036 ) ) ;
#370 = DIRECTION ( 'NONE',  ( 0.000000000000000000, -0.000000000000000000, -1.000000000000000000 ) ) ;
#371 = CYLINDRICAL_SURFACE ( 'NONE', #323, 1.100000000000000311 ) ;
#372 = CARTESIAN_POINT ( 'NONE',  ( 53.94999999999999574, 0.000000000000000000, 19.14999999999999858 ) ) ;
#373 = DIRECTION ( 'NONE',  ( 0.000000000000000000, 0.000000000000000000, 1.000000000000000000 ) ) ;
#374 = DIRECTION ( 'NONE',  ( -0.000000000000000000, -0.000000000000000000, -1.000000000000000000 ) ) ;
#375 = ORIENTED_EDGE ( 'NONE', *, *, #967, .F. ) ;
#376 = ADVANCED_FACE ( 'NONE', ( #1896, #1495 ), #784, .F. ) ;
#377 = CARTESIAN_POINT ( 'NONE',  ( 6.549999999999998934, 34.79999999999999716, 3.499999999999999556 ) ) ;
#378 = EDGE_CURVE ( 'NONE', #1844, #640, #977, .T. ) ;
#379 = CARTESIAN_POINT ( 'NONE',  ( 4.049999999999999822, 5.999999999999995559, 19.14999999999999858 ) ) ;
#380 = CARTESIAN_POINT ( 'NONE',  ( 0.000000000000000000, 0.000000000000000000, 0.000000000000000000 ) ) ;
#381 = EDGE_CURVE ( 'NONE', #89, #2272, #1528, .T. ) ;
#382 = DIRECTION ( 'NONE',  ( -1.000000000000000000, 0.000000000000000000, 0.000000000000000000 ) ) ;
#383 = DIRECTION ( 'NONE',  ( 0.000000000000000000, -1.000000000000000000, 0.000000000000000000 ) ) ;
#384 = CARTESIAN_POINT ( 'NONE',  ( 0.000000000000000000, 0.000000000000000000, 19.14999999999999858 ) ) ;
#385 = ORIENTED_EDGE ( 'NONE', *, *, #1732, .T. ) ;
#386 = EDGE_CURVE ( 'NONE', #2148, #1015, #951, .T. ) ;
#387 = CARTESIAN_POINT ( 'NONE',  ( 56.89999999999999147, 37.19999999999999574, 4.900000000000000355 ) ) ;
#388 = DIRECTION ( 'NONE',  ( 0.000000000000000000, -1.000000000000000000, 0.000000000000000000 ) ) ;
#389 = AXIS2_PLACEMENT_3D ( 'NONE', #327, #174, #138 ) ;
#390 = CIRCLE ( 'NONE', #1667, 0.2500000000000002220 ) ;
#391 = VECTOR ( 'NONE', #1359, 1000.000000000000000 ) ;
#392 = CIRCLE ( 'NONE', #1545, 2.000000000000000000 ) ;
#393 = CIRCLE ( 'NONE', #2094, 0.2500000000000002220 ) ;
#394 = CARTESIAN_POINT ( 'NONE',  ( 3.500000000000000000, 3.500000000000000000, 4.900000000000000355 ) ) ;
#395 = DIRECTION ( 'NONE',  ( 0.000000000000000000, 0.000000000000000000, -1.000000000000000000 ) ) ;
#396 = PRODUCT_DEFINITION_FORMATION_WITH_SPECIFIED_SOURCE ( 'ANY', '', #1707, .NOT_KNOWN. ) ;
#397 = AXIS2_PLACEMENT_3D ( 'NONE', #1303, #2068, #64 ) ;
#398 = CIRCLE ( 'NONE', #158, 2.500000000000000444 ) ;
#399 = DIRECTION ( 'NONE',  ( 0.000000000000000000, 0.000000000000000000, 1.000000000000000000 ) ) ;
#400 = ORIENTED_EDGE ( 'NONE', *, *, #2397, .T. ) ;
#401 = DIRECTION ( 'NONE',  ( -1.000000000000000000, 0.000000000000000000, 0.000000000000000000 ) ) ;
#402 = CYLINDRICAL_SURFACE ( 'NONE', #916, 0.9999999999999995559 ) ;
#403 = VERTEX_POINT ( 'NONE', #600 ) ;
#404 = VERTEX_POINT ( 'NONE', #2300 ) ;
#405 = DIRECTION ( 'NONE',  ( 1.000000000000000000, 0.000000000000000000, 0.000000000000000000 ) ) ;
#406 = CARTESIAN_POINT ( 'NONE',  ( 0.000000000000000000, 3.500000000000000000, 4.900000000000000355 ) ) ;
#407 = CARTESIAN_POINT ( 'NONE',  ( 56.34999999999999432, 26.12999999999999190, 4.900000000000001243 ) ) ;
#408 = ORIENTED_EDGE ( 'NONE', *, *, #2174, .F. ) ;
#409 = CARTESIAN_POINT ( 'NONE',  ( 56.89999999999999147, 38.29999999999999716, 4.900000000000000355 ) ) ;
#410 = DIRECTION ( 'NONE',  ( 0.000000000000000000, 0.000000000000000000, 1.000000000000000000 ) ) ;
#411 = ORIENTED_EDGE ( 'NONE', *, *, #1089, .F. ) ;
#412 = EDGE_CURVE ( 'NONE', #2069, #1987, #1702, .T. ) ;
#413 = DIRECTION ( 'NONE',  ( -1.000000000000000000, 0.000000000000000000, -0.000000000000000000 ) ) ;
#414 = LINE ( 'NONE', #1649, #1745 ) ;
#415 = EDGE_CURVE ( 'NONE', #403, #1532, #2179, .T. ) ;
#416 = ADVANCED_FACE ( 'NONE', ( #1174 ), #1921, .F. ) ;
#417 = CARTESIAN_POINT ( 'NONE',  ( 56.34999999999999432, 14.56999999999999851, 14.90000000000000036 ) ) ;
#418 = EDGE_LOOP ( 'NONE', ( #2088, #295, #602, #245 ) ) ;
#419 = EDGE_CURVE ( 'NONE', #1015, #2139, #1743, .T. ) ;
#420 = CARTESIAN_POINT ( 'NONE',  ( 12.86999999999999922, 3.499999999999996003, 12.90000000000000036 ) ) ;
#421 = CARTESIAN_POINT ( 'NONE',  ( 4.049999999999999822, 30.62999999999999901, 14.90000000000000036 ) ) ;
#422 = VERTEX_POINT ( 'NONE', #1381 ) ;
#423 = CIRCLE ( 'NONE', #845, 2.250000000000001776 ) ;
#424 = CARTESIAN_POINT ( 'NONE',  ( 6.549999999999998934, 34.79999999999999716, 19.14999999999999858 ) ) ;
#425 = FACE_OUTER_BOUND ( 'NONE', #1190, .T. ) ;
#426 = AXIS2_PLACEMENT_3D ( 'NONE', #2276, #792, #627 ) ;
#427 = AXIS2_PLACEMENT_3D ( 'NONE', #858, #1994, #1981 ) ;
#428 = CARTESIAN_POINT ( 'NONE',  ( 56.89999999999999147, 0.000000000000000000, 4.900000000000000355 ) ) ;
#429 = AXIS2_PLACEMENT_3D ( 'NONE', #908, #2027, #201 ) ;
#430 = CIRCLE ( 'NONE', #1393, 1.100000000000003642 ) ;
#431 = LINE ( 'NONE', #1213, #813 ) ;
#432 = ORIENTED_EDGE ( 'NONE', *, *, #2245, .T. ) ;
#433 = ORIENTED_EDGE ( 'NONE', *, *, #1090, .F. ) ;
#434 = VECTOR ( 'NONE', #1099, 1000.000000000000000 ) ;
#435 = EDGE_CURVE ( 'NONE', #1997, #1856, #39, .T. ) ;
#436 = DIRECTION ( 'NONE',  ( 0.000000000000000000, 0.000000000000000000, -1.000000000000000000 ) ) ;
#437 = CARTESIAN_POINT ( 'NONE',  ( 0.000000000000000000, 3.500000000000000000, 4.900000000000000355 ) ) ;
#438 = ORIENTED_EDGE ( 'NONE', *, *, #967, .T. ) ;
#439 = ORIENTED_EDGE ( 'NONE', *, *, #1421, .T. ) ;
#440 = ORIENTED_EDGE ( 'NONE', *, *, #1267, .F. ) ;
#441 = FACE_OUTER_BOUND ( 'NONE', #1008, .T. ) ;
#442 = DIRECTION ( 'NONE',  ( 0.000000000000000000, 0.000000000000000000, -1.000000000000000000 ) ) ;
#443 = DIRECTION ( 'NONE',  ( -1.000000000000000000, 0.000000000000000000, 0.000000000000000000 ) ) ;
#444 = CARTESIAN_POINT ( 'NONE',  ( 6.549999999999999822, 37.19999999999999574, 19.14999999999999858 ) ) ;
#445 = VERTEX_POINT ( 'NONE', #838 ) ;
#446 = ORIENTED_EDGE ( 'NONE', *, *, #2233, .F. ) ;
#447 = EDGE_CURVE ( 'NONE', #881, #485, #1147, .T. ) ;
#448 = EDGE_CURVE ( 'NONE', #1460, #1774, #509, .T. ) ;
#449 = PRODUCT_RELATED_PRODUCT_CATEGORY ( 'part', '', ( #1707 ) ) ;
#450 = DIRECTION ( 'NONE',  ( 0.000000000000000000, 0.000000000000000000, 1.000000000000000000 ) ) ;
#451 = DIRECTION ( 'NONE',  ( 0.000000000000000000, 1.000000000000000000, -6.938893903907228378E-14 ) ) ;
#452 = ORIENTED_EDGE ( 'NONE', *, *, #1972, .T. ) ;
#453 = ORIENTED_EDGE ( 'NONE', *, *, #1125, .T. ) ;
#454 = ORIENTED_EDGE ( 'NONE', *, *, #21, .F. ) ;
#455 = CARTESIAN_POINT ( 'NONE',  ( 13.12000000000000099, 37.19999999999999574, 14.90000000000000036 ) ) ;
#456 = DIRECTION ( 'NONE',  ( 1.000000000000000000, 0.000000000000000000, 0.000000000000000000 ) ) ;
#457 = LINE ( 'NONE', #2308, #2299 ) ;
#458 = ORIENTED_EDGE ( 'NONE', *, *, #176, .F. ) ;
#459 = EDGE_LOOP ( 'NONE', ( #943, #88, #2268, #99 ) ) ;
#460 = CARTESIAN_POINT ( 'NONE',  ( 6.549999999999999822, 37.19999999999999574, 19.14999999999999858 ) ) ;
#461 = VERTEX_POINT ( 'NONE', #1408 ) ;
#462 = ORIENTED_EDGE ( 'NONE', *, *, #934, .T. ) ;
#463 = DIRECTION ( 'NONE',  ( 1.000000000000000000, 0.000000000000000000, 0.000000000000000000 ) ) ;
#464 = DIRECTION ( 'NONE',  ( 0.000000000000000000, 0.000000000000000000, 1.000000000000000000 ) ) ;
#465 = CYLINDRICAL_SURFACE ( 'NONE', #2334, 2.499999999999999556 ) ;
#466 = DIRECTION ( 'NONE',  ( -0.000000000000000000, -0.000000000000000000, -1.000000000000000000 ) ) ;
#467 = DIRECTION ( 'NONE',  ( -0.000000000000000000, -0.000000000000000000, -1.000000000000000000 ) ) ;
#468 = CIRCLE ( 'NONE', #949, 1.100000000000003642 ) ;
#469 = AXIS2_PLACEMENT_3D ( 'NONE', #879, #862, #1969 ) ;
#470 = ORIENTED_EDGE ( 'NONE', *, *, #378, .F. ) ;
#471 = AXIS2_PLACEMENT_3D ( 'NONE', #1335, #466, #1762 ) ;
#472 = VECTOR ( 'NONE', #2352, 1000.000000000000000 ) ;
#473 = VECTOR ( 'NONE', #388, 1000.000000000000000 ) ;
#474 = AXIS2_PLACEMENT_3D ( 'NONE', #734, #374, #1325 ) ;
#475 = DIRECTION ( 'NONE',  ( 0.000000000000000000, 0.000000000000000000, 1.000000000000000000 ) ) ;
#476 = ADVANCED_FACE ( 'NONE', ( #2162 ), #2360, .T. ) ;
#477 = VERTEX_POINT ( 'NONE', #682 ) ;
#478 = ORIENTED_EDGE ( 'NONE', *, *, #1785, .T. ) ;
#479 = ORIENTED_EDGE ( 'NONE', *, *, #167, .T. ) ;
#480 = CARTESIAN_POINT ( 'NONE',  ( 53.84999999999999432, 34.69999999999999574, 2.500000000000000888 ) ) ;
#481 = CARTESIAN_POINT ( 'NONE',  ( 12.86999999999999922, 37.19999999999999574, 14.90000000000000036 ) ) ;
#482 = ADVANCED_FACE ( 'NONE', ( #1419 ), #1505, .T. ) ;
#483 = DIRECTION ( 'NONE',  ( 0.000000000000000000, 0.000000000000000000, 1.000000000000000000 ) ) ;
#484 = CARTESIAN_POINT ( 'NONE',  ( 56.34999999999999432, 3.499999999999996003, 19.14999999999999858 ) ) ;
#485 = VERTEX_POINT ( 'NONE', #377 ) ;
#486 = EDGE_LOOP ( 'NONE', ( #802, #446, #1031, #80 ) ) ;
#487 = DIRECTION ( 'NONE',  ( 0.000000000000000000, 1.000000000000000000, 0.000000000000000000 ) ) ;
#488 = ORIENTED_EDGE ( 'NONE', *, *, #1836, .T. ) ;
#489 = ORIENTED_EDGE ( 'NONE', *, *, #60, .F. ) ;
#490 = CARTESIAN_POINT ( 'NONE',  ( 4.049999999999999822, 3.499999999999996003, 19.14999999999999858 ) ) ;
#491 = CARTESIAN_POINT ( 'NONE',  ( 6.449999999999999289, 5.999999999999994671, 19.14999999999999858 ) ) ;
#492 = CARTESIAN_POINT ( 'NONE',  ( 47.77999999999999403, 3.499999999999996003, 14.90000000000000036 ) ) ;
#493 = DIRECTION ( 'NONE',  ( -1.000000000000000000, 0.000000000000000000, 0.000000000000000000 ) ) ;
#494 = DIRECTION ( 'NONE',  ( 0.000000000000000000, -1.000000000000000000, 0.000000000000000000 ) ) ;
#495 = EDGE_LOOP ( 'NONE', ( #2283, #1693, #546, #385, #1555, #2008, #1531, #824 ) ) ;
#496 = EDGE_CURVE ( 'NONE', #1835, #2236, #1666, .T. ) ;
#497 = EDGE_CURVE ( 'NONE', #1520, #1913, #358, .T. ) ;
#498 = CARTESIAN_POINT ( 'NONE',  ( 56.89999999999999147, 37.19999999999999574, 2.399999999999999911 ) ) ;
#499 = ORIENTED_EDGE ( 'NONE', *, *, #147, .F. ) ;
#500 = EDGE_CURVE ( 'NONE', #679, #551, #1635, .T. ) ;
#501 = DIRECTION ( 'NONE',  ( 0.000000000000000000, 0.000000000000000000, 1.000000000000000000 ) ) ;
#502 = CARTESIAN_POINT ( 'NONE',  ( 4.049999999999998046, 28.37999999999999545, 4.900000000000000355 ) ) ;
#503 = DIRECTION ( 'NONE',  ( 1.000000000000000000, 0.000000000000000000, 0.000000000000000000 ) ) ;
#504 = CARTESIAN_POINT ( 'NONE',  ( 5.449999999999998401, 5.999999999999986677, 3.499999999999999556 ) ) ;
#505 = ORIENTED_EDGE ( 'NONE', *, *, #1324, .F. ) ;
#506 = ORIENTED_EDGE ( 'NONE', *, *, #2175, .F. ) ;
#507 = VECTOR ( 'NONE', #1375, 1000.000000000000000 ) ;
#508 = AXIS2_PLACEMENT_3D ( 'NONE', #2345, #2366, #1810 ) ;
#509 = CIRCLE ( 'NONE', #999, 2.000000000000000000 ) ;
#510 = AXIS2_PLACEMENT_3D ( 'NONE', #933, #924, #2052 ) ;
#511 = CIRCLE ( 'NONE', #1978, 2.250000000000001776 ) ;
#512 =( NAMED_UNIT ( * ) SI_UNIT ( $, .STERADIAN. ) SOLID_ANGLE_UNIT ( ) );
#513 = CIRCLE ( 'NONE', #698, 1.100000000000000311 ) ;
#514 = TOROIDAL_SURFACE ( 'NONE', #1306, 1.100000000000000311, 1.000000000000000000 ) ;
#515 = DIRECTION ( 'NONE',  ( 0.000000000000000000, 1.000000000000000000, 0.000000000000000000 ) ) ;
#516 = CARTESIAN_POINT ( 'NONE',  ( 4.049999999999998046, 28.37999999999999545, 14.90000000000000036 ) ) ;
#517 = FACE_OUTER_BOUND ( 'NONE', #1736, .T. ) ;
#518 = EDGE_CURVE ( 'NONE', #287, #558, #1431, .T. ) ;
#519 = DIRECTION ( 'NONE',  ( 0.000000000000000000, 0.000000000000000000, 1.000000000000000000 ) ) ;
#520 = CARTESIAN_POINT ( 'NONE',  ( 6.549999999999999822, 34.69999999999999574, 3.499999999999999556 ) ) ;
#521 = ORIENTED_EDGE ( 'NONE', *, *, #350, .T. ) ;
#522 = DIRECTION ( 'NONE',  ( 1.000000000000000000, 0.000000000000000000, 0.000000000000000000 ) ) ;
#523 = EDGE_CURVE ( 'NONE', #1802, #570, #1698, .T. ) ;
#524 = EDGE_CURVE ( 'NONE', #2147, #894, #1468, .T. ) ;
#525 = CARTESIAN_POINT ( 'NONE',  ( 4.049999999999999822, 3.499999999999996003, 4.900000000000000355 ) ) ;
#526 = CARTESIAN_POINT ( 'NONE',  ( 4.049999999999999822, 12.31999999999999673, 14.90000000000000036 ) ) ;
#527 = CARTESIAN_POINT ( 'NONE',  ( 53.94999999999999574, 5.999999999999993783, 19.14999999999999858 ) ) ;
#528 = DIRECTION ( 'NONE',  ( 0.000000000000000000, 0.000000000000000000, -1.000000000000000000 ) ) ;
#529 = CARTESIAN_POINT ( 'NONE',  ( 4.049999999999999822, 37.19999999999999574, 14.90000000000000036 ) ) ;
#530 = DIRECTION ( 'NONE',  ( 0.000000000000000000, 0.000000000000000000, -1.000000000000000000 ) ) ;
#531 = ORIENTED_EDGE ( 'NONE', *, *, #381, .T. ) ;
#532 = CARTESIAN_POINT ( 'NONE',  ( 3.500000000000000000, 38.29999999999999716, 4.900000000000000355 ) ) ;
#533 = FACE_OUTER_BOUND ( 'NONE', #1906, .T. ) ;
#534 = DIRECTION ( 'NONE',  ( 0.000000000000000000, 0.000000000000000000, 1.000000000000000000 ) ) ;
#535 = FACE_OUTER_BOUND ( 'NONE', #690, .T. ) ;
#536 = LINE ( 'NONE', #1238, #1552 ) ;
#537 = ORIENTED_EDGE ( 'NONE', *, *, #1358, .F. ) ;
#538 = AXIS2_PLACEMENT_3D ( 'NONE', #1277, #1636, #2362 ) ;
#539 = AXIS2_PLACEMENT_3D ( 'NONE', #498, #1229, #671 ) ;
#540 = CIRCLE ( 'NONE', #884, 2.000000000000000000 ) ;
#541 = AXIS2_PLACEMENT_3D ( 'NONE', #1096, #1478, #365 ) ;
#542 = AXIS2_PLACEMENT_3D ( 'NONE', #1611, #645, #2194 ) ;
#543 = FACE_OUTER_BOUND ( 'NONE', #756, .T. ) ;
#544 = PLANE ( 'NONE',  #1386 ) ;
#545 = CARTESIAN_POINT ( 'NONE',  ( 10.61999999999999744, 37.19999999999999574, 14.90000000000000036 ) ) ;
#546 = ORIENTED_EDGE ( 'NONE', *, *, #412, .T. ) ;
#547 = AXIS2_PLACEMENT_3D ( 'NONE', #565, #579, #187 ) ;
#548 = DIRECTION ( 'NONE',  ( 0.000000000000000000, 0.000000000000000000, -1.000000000000000000 ) ) ;
#549 = FACE_OUTER_BOUND ( 'NONE', #1019, .T. ) ;
#550 = EDGE_CURVE ( 'NONE', #747, #581, #2135, .T. ) ;
#551 = VERTEX_POINT ( 'NONE', #2085 ) ;
#552 = ADVANCED_FACE ( 'NONE', ( #75 ), #974, .T. ) ;
#553 = CARTESIAN_POINT ( 'NONE',  ( 60.39999999999999858, 37.19999999999999574, 4.900000000000000355 ) ) ;
#554 = FACE_OUTER_BOUND ( 'NONE', #603, .T. ) ;
#555 = CARTESIAN_POINT ( 'NONE',  ( 6.449999999999999289, 5.999999999999994671, 19.14999999999999858 ) ) ;
#556 = FACE_OUTER_BOUND ( 'NONE', #268, .T. ) ;
#557 = EDGE_CURVE ( 'NONE', #2050, #278, #2056, .T. ) ;
#558 = VERTEX_POINT ( 'NONE', #52 ) ;
#559 = LINE ( 'NONE', #906, #2019 ) ;
#560 = ORIENTED_EDGE ( 'NONE', *, *, #1696, .T. ) ;
#561 = ORIENTED_EDGE ( 'NONE', *, *, #1578, .F. ) ;
#562 = DIRECTION ( 'NONE',  ( -0.000000000000000000, -1.000000000000000000, -0.000000000000000000 ) ) ;
#563 = CARTESIAN_POINT ( 'NONE',  ( 53.84999999999999432, 34.69999999999999574, 19.14999999999999858 ) ) ;
#564 = ADVANCED_FACE ( 'NONE', ( #292 ), #1929, .F. ) ;
#565 = CARTESIAN_POINT ( 'NONE',  ( 6.549999999999998934, 5.999999999999995559, 2.500000000000000888 ) ) ;
#566 = EDGE_LOOP ( 'NONE', ( #244, #1219, #1747, #599, #1722 ) ) ;
#567 = CARTESIAN_POINT ( 'NONE',  ( 60.39999999999999858, 0.000000000000000000, 4.900000000000000355 ) ) ;
#568 = DIRECTION ( 'NONE',  ( -1.000000000000000000, 2.081668171172163212E-13, 0.000000000000000000 ) ) ;
#569 = VECTOR ( 'NONE', #738, 1000.000000000000000 ) ;
#570 = VERTEX_POINT ( 'NONE', #1013 ) ;
#571 = AXIS2_PLACEMENT_3D ( 'NONE', #2170, #1985, #705 ) ;
#572 = VECTOR ( 'NONE', #1954, 1000.000000000000000 ) ;
#573 = VECTOR ( 'NONE', #1589, 1000.000000000000000 ) ;
#574 = AXIS2_PLACEMENT_3D ( 'NONE', #2202, #1486, #1678 ) ;
#575 = CARTESIAN_POINT ( 'NONE',  ( 6.549999999999999822, 34.69999999999999574, 4.900000000000001243 ) ) ;
#576 = CARTESIAN_POINT ( 'NONE',  ( 54.94999999999999574, 0.000000000000000000, 3.500000000000000888 ) ) ;
#577 = VECTOR ( 'NONE', #620, 1000.000000000000000 ) ;
#578 = VECTOR ( 'NONE', #1614, 1000.000000000000000 ) ;
#579 = DIRECTION ( 'NONE',  ( -0.000000000000000000, -0.000000000000000000, 1.000000000000000000 ) ) ;
#580 = ORIENTED_EDGE ( 'NONE', *, *, #1403, .T. ) ;
#581 = VERTEX_POINT ( 'NONE', #1378 ) ;
#582 = DIRECTION ( 'NONE',  ( 1.000000000000000000, 0.000000000000000000, 0.000000000000000000 ) ) ;
#583 = DIRECTION ( 'NONE',  ( 0.000000000000000000, 0.000000000000000000, -1.000000000000000000 ) ) ;
#584 = VERTEX_POINT ( 'NONE', #63 ) ;
#585 = ADVANCED_FACE ( 'NONE', ( #1753 ), #2117, .F. ) ;
#586 = LINE ( 'NONE', #1533, #1037 ) ;
#587 = CARTESIAN_POINT ( 'NONE',  ( 56.89999999999999147, 38.29999999999999716, 2.500000000000000888 ) ) ;
#588 = LINE ( 'NONE', #205, #203 ) ;
#589 = ORIENTED_EDGE ( 'NONE', *, *, #167, .F. ) ;
#590 = VERTEX_POINT ( 'NONE', #274 ) ;
#591 = CARTESIAN_POINT ( 'NONE',  ( 3.500000000000000000, 0.000000000000000000, 0.000000000000000000 ) ) ;
#592 = PLANE ( 'NONE',  #1116 ) ;
#593 = ORIENTED_EDGE ( 'NONE', *, *, #1500, .F. ) ;
#594 = DIRECTION ( 'NONE',  ( -1.000000000000000000, 0.000000000000000000, 0.000000000000000000 ) ) ;
#595 = DIRECTION ( 'NONE',  ( -0.000000000000000000, -0.000000000000000000, -1.000000000000000000 ) ) ;
#596 = EDGE_CURVE ( 'NONE', #2261, #445, #694, .T. ) ;
#597 = CARTESIAN_POINT ( 'NONE',  ( 3.500000000000000000, 40.70000000000000284, 0.000000000000000000 ) ) ;
#598 = CARTESIAN_POINT ( 'NONE',  ( 56.34999999999999432, 3.499999999999996003, 19.14999999999999858 ) ) ;
#599 = ORIENTED_EDGE ( 'NONE', *, *, #1808, .T. ) ;
#600 = CARTESIAN_POINT ( 'NONE',  ( 56.34999999999999432, 10.06999999999999318, 4.900000000000000355 ) ) ;
#601 = DIRECTION ( 'NONE',  ( -1.000000000000000000, 1.387778780781445676E-13, 0.000000000000000000 ) ) ;
#602 = ORIENTED_EDGE ( 'NONE', *, *, #1434, .T. ) ;
#603 = EDGE_LOOP ( 'NONE', ( #1728, #1100, #842, #531 ) ) ;
#604 = VECTOR ( 'NONE', #968, 1000.000000000000000 ) ;
#605 = EDGE_LOOP ( 'NONE', ( #2059, #1986, #2159, #1577 ) ) ;
#606 = PLANE ( 'NONE',  #860 ) ;
#607 = DIRECTION ( 'NONE',  ( 1.000000000000000000, 0.000000000000000000, 0.000000000000000000 ) ) ;
#608 = CIRCLE ( 'NONE', #1240, 0.2500000000000019429 ) ;
#609 = AXIS2_PLACEMENT_3D ( 'NONE', #1805, #876, #1032 ) ;
#610 = EDGE_CURVE ( 'NONE', #2349, #1744, #198, .T. ) ;
#611 = CARTESIAN_POINT ( 'NONE',  ( 47.52999999999999403, 3.499999999999996003, 14.90000000000000036 ) ) ;
#612 = VECTOR ( 'NONE', #562, 1000.000000000000000 ) ;
#613 = AXIS2_PLACEMENT_3D ( 'NONE', #2111, #451, #761 ) ;
#614 = CARTESIAN_POINT ( 'NONE',  ( 56.34999999999999432, 28.37999999999999545, 14.90000000000000036 ) ) ;
#615 = ORIENTED_EDGE ( 'NONE', *, *, #1481, .T. ) ;
#616 = EDGE_CURVE ( 'NONE', #2325, #157, #953, .T. ) ;
#617 = EDGE_CURVE ( 'NONE', #1926, #1095, #2091, .T. ) ;
#618 = CIRCLE ( 'NONE', #692, 2.250000000000000444 ) ;
#619 = CARTESIAN_POINT ( 'NONE',  ( 5.449999999999999289, 0.000000000000000000, 2.500000000000000888 ) ) ;
#620 = DIRECTION ( 'NONE',  ( 0.000000000000000000, 0.000000000000000000, -1.000000000000000000 ) ) ;
#621 = EDGE_LOOP ( 'NONE', ( #1129, #2121, #799 ) ) ;
#622 = EDGE_LOOP ( 'NONE', ( #1484, #29, #1781, #1117 ) ) ;
#623 = ADVANCED_FACE ( 'NONE', ( #985 ), #1307, .T. ) ;
#624 = ORIENTED_EDGE ( 'NONE', *, *, #1450, .F. ) ;
#625 = CARTESIAN_POINT ( 'NONE',  ( 57.99999999999999289, 0.000000000000000000, 4.900000000000000355 ) ) ;
#626 = DIRECTION ( 'NONE',  ( -1.000000000000000000, 0.000000000000000000, 0.000000000000000000 ) ) ;
#627 = DIRECTION ( 'NONE',  ( 0.000000000000000000, -0.000000000000000000, 1.000000000000000000 ) ) ;
#628 = FACE_OUTER_BOUND ( 'NONE', #786, .T. ) ;
#629 = ORIENTED_EDGE ( 'NONE', *, *, #1798, .F. ) ;
#630 = ORIENTED_EDGE ( 'NONE', *, *, #1434, .F. ) ;
#631 = DIRECTION ( 'NONE',  ( -1.000000000000000000, 0.000000000000000000, 0.000000000000000000 ) ) ;
#632 = DIRECTION ( 'NONE',  ( -0.000000000000000000, -0.000000000000000000, -1.000000000000000000 ) ) ;
#633 = ORIENTED_EDGE ( 'NONE', *, *, #146, .F. ) ;
#634 = VERTEX_POINT ( 'NONE', #1734 ) ;
#635 = EDGE_LOOP ( 'NONE', ( #2152, #1726, #1030, #411 ) ) ;
#636 = CARTESIAN_POINT ( 'NONE',  ( 57.99999999999999289, 3.500000000000000000, 4.900000000000000355 ) ) ;
#637 = DIRECTION ( 'NONE',  ( -0.000000000000000000, -0.000000000000000000, 1.000000000000000000 ) ) ;
#638 = LINE ( 'NONE', #428, #160 ) ;
#639 = DIRECTION ( 'NONE',  ( 0.000000000000000000, 0.000000000000000000, -1.000000000000000000 ) ) ;
#640 = VERTEX_POINT ( 'NONE', #597 ) ;
#641 = DIRECTION ( 'NONE',  ( 0.000000000000000000, 0.000000000000000000, 1.000000000000000000 ) ) ;
#642 = ORIENTED_EDGE ( 'NONE', *, *, #2109, .T. ) ;
#643 = VERTEX_POINT ( 'NONE', #808 ) ;
#644 = DIRECTION ( 'NONE',  ( 0.000000000000000000, 0.000000000000000000, -1.000000000000000000 ) ) ;
#645 = DIRECTION ( 'NONE',  ( 0.000000000000000000, 0.000000000000000000, -1.000000000000000000 ) ) ;
#646 = DIRECTION ( 'NONE',  ( -1.000000000000000000, 0.000000000000000000, 0.000000000000000000 ) ) ;
#647 = AXIS2_PLACEMENT_3D ( 'NONE', #700, #1092, #2385 ) ;
#648 = AXIS2_PLACEMENT_3D ( 'NONE', #2285, #259, #2126 ) ;
#649 = CARTESIAN_POINT ( 'NONE',  ( 12.86999999999999922, 37.19999999999999574, 12.90000000000000036 ) ) ;
#650 = DIRECTION ( 'NONE',  ( -1.000000000000000000, 0.000000000000000000, 0.000000000000000000 ) ) ;
#651 = AXIS2_PLACEMENT_3D ( 'NONE', #2329, #1887, #1182 ) ;
#652 = AXIS2_PLACEMENT_3D ( 'NONE', #563, #222, #945 ) ;
#653 = EDGE_LOOP ( 'NONE', ( #1091, #855, #1714, #2013 ) ) ;
#654 = AXIS2_PLACEMENT_3D ( 'NONE', #1212, #1606, #169 ) ;
#655 = VECTOR ( 'NONE', #789, 1000.000000000000000 ) ;
#656 = AXIS2_PLACEMENT_3D ( 'NONE', #1653, #749, #2011 ) ;
#657 = AXIS2_PLACEMENT_3D ( 'NONE', #936, #399, #1888 ) ;
#658 = CARTESIAN_POINT ( 'NONE',  ( 12.86999999999999922, 3.499999999999996003, 14.90000000000000036 ) ) ;
#659 = ORIENTED_EDGE ( 'NONE', *, *, #1222, .T. ) ;
#660 = ORIENTED_EDGE ( 'NONE', *, *, #1908, .T. ) ;
#661 = ORIENTED_EDGE ( 'NONE', *, *, #758, .F. ) ;
#662 = CARTESIAN_POINT ( 'NONE',  ( 6.549999999999998934, 34.79999999999999716, 19.14999999999999858 ) ) ;
#663 = CARTESIAN_POINT ( 'NONE',  ( 56.34999999999999432, 12.56999999999999851, 14.90000000000000036 ) ) ;
#664 = EDGE_CURVE ( 'NONE', #2154, #727, #638, .T. ) ;
#665 = EDGE_CURVE ( 'NONE', #818, #1282, #357, .T. ) ;
#666 = CARTESIAN_POINT ( 'NONE',  ( 53.84999999999999432, 3.499999999999996003, 19.14999999999999858 ) ) ;
#667 = CARTESIAN_POINT ( 'NONE',  ( 53.84999999999999432, 5.999999999999994671, 19.14999999999999858 ) ) ;
#668 = VERTEX_POINT ( 'NONE', #104 ) ;
#669 = ORIENTED_EDGE ( 'NONE', *, *, #2144, .F. ) ;
#670 = ADVANCED_FACE ( 'NONE', ( #831 ), #892, .T. ) ;
#671 = DIRECTION ( 'NONE',  ( -1.000000000000000000, 0.000000000000000000, 0.000000000000000000 ) ) ;
#672 = DIRECTION ( 'NONE',  ( 1.000000000000000000, 0.000000000000000000, 0.000000000000000000 ) ) ;
#673 = EDGE_LOOP ( 'NONE', ( #1172, #438, #499, #926 ) ) ;
#674 = DIRECTION ( 'NONE',  ( 0.000000000000000000, 0.000000000000000000, 1.000000000000000000 ) ) ;
#675 = DIRECTION ( 'NONE',  ( -1.000000000000000000, 0.000000000000000000, 0.000000000000000000 ) ) ;
#676 = DIRECTION ( 'NONE',  ( 0.000000000000000000, 0.000000000000000000, -1.000000000000000000 ) ) ;
#677 = LINE ( 'NONE', #1414, #1039 ) ;
#678 = DIRECTION ( 'NONE',  ( -0.000000000000000000, -0.000000000000000000, 1.000000000000000000 ) ) ;
#679 = VERTEX_POINT ( 'NONE', #1771 ) ;
#680 = EDGE_CURVE ( 'NONE', #157, #1844, #1457, .T. ) ;
#681 = VERTEX_POINT ( 'NONE', #114 ) ;
#682 = CARTESIAN_POINT ( 'NONE',  ( 15.12000000000000099, 37.19999999999999574, 4.900000000000000355 ) ) ;
#683 = DIRECTION ( 'NONE',  ( 1.000000000000000000, 0.000000000000000000, 0.000000000000000000 ) ) ;
#684 = CARTESIAN_POINT ( 'NONE',  ( 4.049999999999999822, 34.69999999999999574, 4.900000000000000355 ) ) ;
#685 = DIRECTION ( 'NONE',  ( 0.000000000000000000, 0.000000000000000000, -1.000000000000000000 ) ) ;
#686 = DIRECTION ( 'NONE',  ( -1.000000000000000000, -8.673617379884035472E-15, 0.000000000000000000 ) ) ;
#687 = CARTESIAN_POINT ( 'NONE',  ( 45.27999999999999403, 3.499999999999996003, 14.90000000000000036 ) ) ;
#688 = ORIENTED_EDGE ( 'NONE', *, *, #1990, .F. ) ;
#689 = ORIENTED_EDGE ( 'NONE', *, *, #448, .T. ) ;
#690 = EDGE_LOOP ( 'NONE', ( #228, #629, #296, #633 ) ) ;
#691 = VECTOR ( 'NONE', #1712, 1000.000000000000000 ) ;
#692 = AXIS2_PLACEMENT_3D ( 'NONE', #275, #2107, #2118 ) ;
#693 = EDGE_CURVE ( 'NONE', #1926, #477, #1052, .T. ) ;
#694 = CIRCLE ( 'NONE', #1780, 2.000000000000000000 ) ;
#695 = TOROIDAL_SURFACE ( 'NONE', #1432, 0.2500000000000023870, 2.000000000000000000 ) ;
#696 = TOROIDAL_SURFACE ( 'NONE', #2058, 0.2500000000000023870, 2.000000000000000000 ) ;
#697 = CARTESIAN_POINT ( 'NONE',  ( 4.049999999999999822, 3.499999999999996003, 19.14999999999999858 ) ) ;
#698 = AXIS2_PLACEMENT_3D ( 'NONE', #785, #583, #2271 ) ;
#699 = CIRCLE ( 'NONE', #1634, 1.000000000000000888 ) ;
#700 = CARTESIAN_POINT ( 'NONE',  ( 4.049999999999999822, 12.31999999999999673, 14.90000000000000036 ) ) ;
#701 = FACE_OUTER_BOUND ( 'NONE', #87, .T. ) ;
#702 = EDGE_CURVE ( 'NONE', #1711, #2078, #711, .T. ) ;
#703 = LINE ( 'NONE', #1444, #2093 ) ;
#704 = CARTESIAN_POINT ( 'NONE',  ( 56.89999999999999147, 0.000000000000000000, 4.900000000000000355 ) ) ;
#705 = DIRECTION ( 'NONE',  ( -1.000000000000000000, 0.000000000000000000, 0.000000000000000000 ) ) ;
#706 = ORIENTED_EDGE ( 'NONE', *, *, #1353, .F. ) ;
#707 = CARTESIAN_POINT ( 'NONE',  ( 4.049999999999998046, 28.37999999999999545, 14.90000000000000036 ) ) ;
#708 = DIRECTION ( 'NONE',  ( -1.000000000000000000, 0.000000000000000000, 0.000000000000000000 ) ) ;
#709 = DIRECTION ( 'NONE',  ( -1.000000000000000000, 0.000000000000000000, 0.000000000000000000 ) ) ;
#710 = FACE_OUTER_BOUND ( 'NONE', #621, .T. ) ;
#711 = LINE ( 'NONE', #152, #572 ) ;
#712 = DIRECTION ( 'NONE',  ( 0.000000000000000000, 0.000000000000000000, -1.000000000000000000 ) ) ;
#713 = ORIENTED_EDGE ( 'NONE', *, *, #1481, .F. ) ;
#714 = FACE_OUTER_BOUND ( 'NONE', #1687, .T. ) ;
#715 = DIRECTION ( 'NONE',  ( 0.000000000000000000, 0.000000000000000000, 1.000000000000000000 ) ) ;
#716 = EDGE_CURVE ( 'NONE', #643, #2234, #1983, .T. ) ;
#717 = LINE ( 'NONE', #35, #1262 ) ;
#718 = DIRECTION ( 'NONE',  ( 0.000000000000000000, -1.000000000000000000, 0.000000000000000000 ) ) ;
#719 = ORIENTED_EDGE ( 'NONE', *, *, #2322, .T. ) ;
#720 = AXIS2_PLACEMENT_3D ( 'NONE', #1286, #2193, #182 ) ;
#721 = AXIS2_PLACEMENT_3D ( 'NONE', #92, #822, #1946 ) ;
#722 = CIRCLE ( 'NONE', #510, 0.9999999999999995559 ) ;
#723 = AXIS2_PLACEMENT_3D ( 'NONE', #726, #1313, #1476 ) ;
#724 = CIRCLE ( 'NONE', #723, 2.000000000000000000 ) ;
#725 = ORIENTED_EDGE ( 'NONE', *, *, #2359, .T. ) ;
#726 = CARTESIAN_POINT ( 'NONE',  ( 4.049999999999998046, 28.12999999999999545, 12.90000000000000036 ) ) ;
#727 = VERTEX_POINT ( 'NONE', #704 ) ;
#728 = AXIS2_PLACEMENT_3D ( 'NONE', #1382, #2191, #286 ) ;
#729 = EDGE_CURVE ( 'NONE', #2284, #2000, #1935, .T. ) ;
#730 = EDGE_CURVE ( 'NONE', #816, #818, #2157, .T. ) ;
#731 = CARTESIAN_POINT ( 'NONE',  ( 0.000000000000000000, 37.19999999999999574, 0.000000000000000000 ) ) ;
#732 = DIRECTION ( 'NONE',  ( 0.000000000000000000, 1.000000000000000000, 0.000000000000000000 ) ) ;
#733 = EDGE_CURVE ( 'NONE', #2147, #747, #1072, .T. ) ;
#734 = CARTESIAN_POINT ( 'NONE',  ( 4.049999999999998046, 28.37999999999999545, 12.90000000000000036 ) ) ;
#735 = ORIENTED_EDGE ( 'NONE', *, *, #2228, .F. ) ;
#736 = CARTESIAN_POINT ( 'NONE',  ( 56.89999999999999147, 3.500000000000000000, 2.500000000000000888 ) ) ;
#737 = VERTEX_POINT ( 'NONE', #666 ) ;
#738 = DIRECTION ( 'NONE',  ( -0.000000000000000000, -1.000000000000000000, -0.000000000000000000 ) ) ;
#739 = DIRECTION ( 'NONE',  ( -1.000000000000000000, 0.000000000000000000, 0.000000000000000000 ) ) ;
#740 = ORIENTED_EDGE ( 'NONE', *, *, #1150, .F. ) ;
#741 = ORIENTED_EDGE ( 'NONE', *, *, #610, .F. ) ;
#742 = FACE_OUTER_BOUND ( 'NONE', #1231, .T. ) ;
#743 = CARTESIAN_POINT ( 'NONE',  ( 57.99999999999999289, 37.19999999999999574, 2.399999999999999911 ) ) ;
#744 = DIRECTION ( 'NONE',  ( 0.000000000000000000, 0.000000000000000000, 1.000000000000000000 ) ) ;
#745 = EDGE_CURVE ( 'NONE', #83, #1520, #1445, .T. ) ;
#746 = ORIENTED_EDGE ( 'NONE', *, *, #2400, .F. ) ;
#747 = VERTEX_POINT ( 'NONE', #1404 ) ;
#748 = DIRECTION ( 'NONE',  ( 0.000000000000000000, 0.000000000000000000, 1.000000000000000000 ) ) ;
#749 = DIRECTION ( 'NONE',  ( 0.000000000000000000, 0.000000000000000000, -1.000000000000000000 ) ) ;
#750 = ORIENTED_EDGE ( 'NONE', *, *, #48, .F. ) ;
#751 = ORIENTED_EDGE ( 'NONE', *, *, #1150, .T. ) ;
#752 = CARTESIAN_POINT ( 'NONE',  ( 56.89999999999999147, 37.19999999999999574, 4.900000000000000355 ) ) ;
#753 = DIRECTION ( 'NONE',  ( 0.000000000000000000, 1.000000000000000000, 0.000000000000000000 ) ) ;
#754 = CARTESIAN_POINT ( 'NONE',  ( 10.61999999999999922, 3.499999999999996003, 4.900000000000000355 ) ) ;
#755 = FACE_BOUND ( 'NONE', #294, .T. ) ;
#756 = EDGE_LOOP ( 'NONE', ( #2357, #2396, #1, #144 ) ) ;
#757 = ADVANCED_FACE ( 'NONE', ( #351 ), #2169, .F. ) ;
#758 = EDGE_CURVE ( 'NONE', #584, #1802, #2203, .T. ) ;
#759 = VERTEX_POINT ( 'NONE', #142 ) ;
#760 = LINE ( 'NONE', #2262, #1111 ) ;
#761 = DIRECTION ( 'NONE',  ( 0.000000000000000000, 6.938893903907230902E-14, 1.000000000000000000 ) ) ;
#762 = CIRCLE ( 'NONE', #34, 2.000000000000000000 ) ;
#763 = AXIS2_PLACEMENT_3D ( 'NONE', #1947, #847, #1576 ) ;
#764 = ORIENTED_EDGE ( 'NONE', *, *, #1178, .T. ) ;
#765 = VECTOR ( 'NONE', #301, 1000.000000000000000 ) ;
#766 = CIRCLE ( 'NONE', #1198, 2.250000000000001776 ) ;
#767 = AXIS2_PLACEMENT_3D ( 'NONE', #1424, #1572, #675 ) ;
#768 = DIRECTION ( 'NONE',  ( 0.000000000000000000, 1.000000000000000000, 0.000000000000000000 ) ) ;
#769 = DIRECTION ( 'NONE',  ( -0.000000000000000000, -0.000000000000000000, 1.000000000000000000 ) ) ;
#770 = VECTOR ( 'NONE', #1897, 1000.000000000000000 ) ;
#771 = CARTESIAN_POINT ( 'NONE',  ( 53.94999999999999574, 34.69999999999998863, 19.14999999999999858 ) ) ;
#772 = ORIENTED_EDGE ( 'NONE', *, *, #550, .T. ) ;
#773 = ORIENTED_EDGE ( 'NONE', *, *, #1295, .T. ) ;
#774 = CARTESIAN_POINT ( 'NONE',  ( 56.34999999999999432, 12.31999999999999673, 14.90000000000000036 ) ) ;
#775 = DIRECTION ( 'NONE',  ( 0.000000000000000000, -0.000000000000000000, 1.000000000000000000 ) ) ;
#776 = ORIENTED_EDGE ( 'NONE', *, *, #1104, .F. ) ;
#777 = DIRECTION ( 'NONE',  ( -0.000000000000000000, -0.000000000000000000, -1.000000000000000000 ) ) ;
#778 = CARTESIAN_POINT ( 'NONE',  ( 2.399999999999999911, 0.000000000000000000, 4.900000000000000355 ) ) ;
#779 = CARTESIAN_POINT ( 'NONE',  ( 13.12000000000000099, 37.19999999999999574, 12.90000000000000036 ) ) ;
#780 = DIRECTION ( 'NONE',  ( 1.000000000000000000, 0.000000000000000000, 0.000000000000000000 ) ) ;
#781 = EDGE_LOOP ( 'NONE', ( #215, #479, #2314, #2384 ) ) ;
#782 = ADVANCED_FACE ( 'NONE', ( #1034 ), #1820, .T. ) ;
#783 = ADVANCED_FACE ( 'NONE', ( #131 ), #861, .T. ) ;
#784 = PLANE ( 'NONE',  #1543 ) ;
#785 = CARTESIAN_POINT ( 'NONE',  ( 3.500000000000000000, 37.19999999999999574, 2.399999999999999911 ) ) ;
#786 = EDGE_LOOP ( 'NONE', ( #1285, #1018, #1244, #2022 ) ) ;
#787 = ORIENTED_EDGE ( 'NONE', *, *, #1255, .T. ) ;
#788 = DIRECTION ( 'NONE',  ( 0.000000000000000000, 0.000000000000000000, 1.000000000000000000 ) ) ;
#789 = DIRECTION ( 'NONE',  ( -0.000000000000000000, -0.000000000000000000, -1.000000000000000000 ) ) ;
#790 = EDGE_CURVE ( 'NONE', #840, #1729, #1259, .T. ) ;
#791 = EDGE_CURVE ( 'NONE', #111, #590, #677, .T. ) ;
#792 = DIRECTION ( 'NONE',  ( 0.000000000000000000, 1.000000000000000000, 0.000000000000000000 ) ) ;
#793 = DIRECTION ( 'NONE',  ( -1.000000000000000000, 0.000000000000000000, 0.000000000000000000 ) ) ;
#794 = ORIENTED_EDGE ( 'NONE', *, *, #435, .T. ) ;
#795 = ORIENTED_EDGE ( 'NONE', *, *, #796, .T. ) ;
#796 = EDGE_CURVE ( 'NONE', #2000, #1987, #1590, .T. ) ;
#797 = CYLINDRICAL_SURFACE ( 'NONE', #2290, 2.250000000000001776 ) ;
#798 = CARTESIAN_POINT ( 'NONE',  ( 57.99999999999999289, 0.000000000000000000, 2.500000000000000888 ) ) ;
#799 = ORIENTED_EDGE ( 'NONE', *, *, #2215, .T. ) ;
#800 = CIRCLE ( 'NONE', #1033, 2.000000000000000000 ) ;
#801 = CIRCLE ( 'NONE', #887, 2.250000000000000444 ) ;
#802 = ORIENTED_EDGE ( 'NONE', *, *, #2245, .F. ) ;
#803 = CARTESIAN_POINT ( 'NONE',  ( 6.449999999999999289, 3.499999999999996003, 19.14999999999999858 ) ) ;
#804 = DIRECTION ( 'NONE',  ( -0.000000000000000000, -0.000000000000000000, -1.000000000000000000 ) ) ;
#805 = AXIS2_PLACEMENT_3D ( 'NONE', #1719, #1355, #1574 ) ;
#806 = AXIS2_PLACEMENT_3D ( 'NONE', #290, #972, #73 ) ;
#807 = EDGE_CURVE ( 'NONE', #184, #1327, #235, .T. ) ;
#808 = CARTESIAN_POINT ( 'NONE',  ( 10.61999999999999744, 37.19999999999999574, 4.900000000000000355 ) ) ;
#809 = AXIS2_PLACEMENT_3D ( 'NONE', #1482, #1864, #1140 ) ;
#810 = DIRECTION ( 'NONE',  ( 1.000000000000000000, 0.000000000000000000, 0.000000000000000000 ) ) ;
#811 = ORIENTED_EDGE ( 'NONE', *, *, #2322, .F. ) ;
#812 = ADVANCED_FACE ( 'NONE', ( #535 ), #2336, .T. ) ;
#813 = VECTOR ( 'NONE', #1955, 1000.000000000000000 ) ;
#814 = VERTEX_POINT ( 'NONE', #2067 ) ;
#815 = CARTESIAN_POINT ( 'NONE',  ( 0.000000000000000000, 2.399999999999999911, 4.900000000000000355 ) ) ;
#816 = VERTEX_POINT ( 'NONE', #211 ) ;
#817 = EDGE_LOOP ( 'NONE', ( #400, #1962, #852, #787 ) ) ;
#818 = VERTEX_POINT ( 'NONE', #1289 ) ;
#819 = LINE ( 'NONE', #2073, #1904 ) ;
#820 = CARTESIAN_POINT ( 'NONE',  ( 56.89999999999999147, 0.000000000000000000, 0.000000000000000000 ) ) ;
#821 = EDGE_CURVE ( 'NONE', #2210, #33, #2230, .T. ) ;
#822 = DIRECTION ( 'NONE',  ( -0.000000000000000000, -0.000000000000000000, 1.000000000000000000 ) ) ;
#823 = DIRECTION ( 'NONE',  ( 0.000000000000000000, -1.000000000000000000, 0.000000000000000000 ) ) ;
#824 = ORIENTED_EDGE ( 'NONE', *, *, #1161, .T. ) ;
#825 = DIRECTION ( 'NONE',  ( 0.000000000000000000, 0.000000000000000000, -1.000000000000000000 ) ) ;
#826 = EDGE_LOOP ( 'NONE', ( #1217, #72, #746, #833 ) ) ;
#827 = VERTEX_POINT ( 'NONE', #1131 ) ;
#828 = VERTEX_POINT ( 'NONE', #731 ) ;
#829 = DIRECTION ( 'NONE',  ( 0.000000000000000000, -1.000000000000000000, 0.000000000000000000 ) ) ;
#830 = CARTESIAN_POINT ( 'NONE',  ( 4.049999999999998046, 28.37999999999999545, 12.90000000000000036 ) ) ;
#831 = FACE_OUTER_BOUND ( 'NONE', #210, .T. ) ;
#832 = CARTESIAN_POINT ( 'NONE',  ( 56.89999999999999147, 37.19999999999999574, 0.000000000000000000 ) ) ;
#833 = ORIENTED_EDGE ( 'NONE', *, *, #1679, .T. ) ;
#834 = ADVANCED_FACE ( 'NONE', ( #742 ), #899, .T. ) ;
#835 = ORIENTED_EDGE ( 'NONE', *, *, #1094, .T. ) ;
#836 = EDGE_CURVE ( 'NONE', #828, #558, #1849, .T. ) ;
#837 = ADVANCED_FACE ( 'NONE', ( #554 ), #371, .F. ) ;
#838 = CARTESIAN_POINT ( 'NONE',  ( 49.78000000000000114, 3.499999999999996003, 12.90000000000000036 ) ) ;
#839 = CARTESIAN_POINT ( 'NONE',  ( 3.500000000000000000, 3.500000000000000000, 2.500000000000000888 ) ) ;
#840 = VERTEX_POINT ( 'NONE', #26 ) ;
#841 = ORIENTED_EDGE ( 'NONE', *, *, #1521, .T. ) ;
#842 = ORIENTED_EDGE ( 'NONE', *, *, #1267, .T. ) ;
#843 = FACE_OUTER_BOUND ( 'NONE', #269, .T. ) ;
#844 = DIRECTION ( 'NONE',  ( -1.000000000000000000, 0.000000000000000000, 0.000000000000000000 ) ) ;
#845 = AXIS2_PLACEMENT_3D ( 'NONE', #1143, #264, #1053 ) ;
#846 = DIRECTION ( 'NONE',  ( -1.000000000000000000, -0.000000000000000000, -0.000000000000000000 ) ) ;
#847 = DIRECTION ( 'NONE',  ( 0.000000000000000000, 0.000000000000000000, -1.000000000000000000 ) ) ;
#848 = AXIS2_PLACEMENT_3D ( 'NONE', #1903, #1200, #1156 ) ;
#849 = AXIS2_PLACEMENT_3D ( 'NONE', #1916, #1365, #260 ) ;
#850 = ORIENTED_EDGE ( 'NONE', *, *, #2353, .T. ) ;
#851 = VECTOR ( 'NONE', #185, 1000.000000000000000 ) ;
#852 = ORIENTED_EDGE ( 'NONE', *, *, #1195, .T. ) ;
#853 = VECTOR ( 'NONE', #69, 1000.000000000000000 ) ;
#854 = FACE_OUTER_BOUND ( 'NONE', #2303, .T. ) ;
#855 = ORIENTED_EDGE ( 'NONE', *, *, #903, .T. ) ;
#856 = DIRECTION ( 'NONE',  ( 0.000000000000000000, 0.000000000000000000, 1.000000000000000000 ) ) ;
#857 = LINE ( 'NONE', #527, #1241 ) ;
#858 = CARTESIAN_POINT ( 'NONE',  ( 56.34999999999999432, 12.31999999999999673, 12.90000000000000036 ) ) ;
#859 = EDGE_CURVE ( 'NONE', #2312, #57, #1873, .T. ) ;
#860 = AXIS2_PLACEMENT_3D ( 'NONE', #625, #90, #2315 ) ;
#861 = CYLINDRICAL_SURFACE ( 'NONE', #654, 2.500000000000000444 ) ;
#862 = DIRECTION ( 'NONE',  ( 0.000000000000000000, 0.000000000000000000, 1.000000000000000000 ) ) ;
#863 = ORIENTED_EDGE ( 'NONE', *, *, #758, .T. ) ;
#864 = ORIENTED_EDGE ( 'NONE', *, *, #693, .T. ) ;
#865 = DIRECTION ( 'NONE',  ( -0.000000000000000000, -0.000000000000000000, 1.000000000000000000 ) ) ;
#866 = CYLINDRICAL_SURFACE ( 'NONE', #647, 2.250000000000000888 ) ;
#867 = DIRECTION ( 'NONE',  ( -1.000000000000000000, 0.000000000000000000, 0.000000000000000000 ) ) ;
#868 = EDGE_CURVE ( 'NONE', #267, #681, #1151, .T. ) ;
#869 = EDGE_CURVE ( 'NONE', #1774, #58, #1348, .T. ) ;
#870 = DIRECTION ( 'NONE',  ( -0.000000000000000000, -0.000000000000000000, -1.000000000000000000 ) ) ;
#871 = CARTESIAN_POINT ( 'NONE',  ( 54.94999999999999574, 34.69999999999991758, 3.500000000000000888 ) ) ;
#872 = ORIENTED_EDGE ( 'NONE', *, *, #349, .T. ) ;
#873 = ORIENTED_EDGE ( 'NONE', *, *, #1604, .F. ) ;
#874 = DIRECTION ( 'NONE',  ( 0.000000000000000000, 0.000000000000000000, -1.000000000000000000 ) ) ;
#875 = CARTESIAN_POINT ( 'NONE',  ( 2.399999999999999911, 3.500000000000000000, 2.399999999999999911 ) ) ;
#876 = DIRECTION ( 'NONE',  ( 0.000000000000000000, 0.000000000000000000, 1.000000000000000000 ) ) ;
#877 = CARTESIAN_POINT ( 'NONE',  ( 3.500000000000000000, 37.19999999999999574, 4.900000000000000355 ) ) ;
#878 = CARTESIAN_POINT ( 'NONE',  ( 6.549999999999998934, 5.999999999999995559, 19.14999999999999858 ) ) ;
#879 = CARTESIAN_POINT ( 'NONE',  ( 12.86999999999999922, 3.499999999999996003, 14.90000000000000036 ) ) ;
#880 = VERTEX_POINT ( 'NONE', #932 ) ;
#881 = VERTEX_POINT ( 'NONE', #1122 ) ;
#882 = CIRCLE ( 'NONE', #2061, 3.500000000000000000 ) ;
#883 = AXIS2_PLACEMENT_3D ( 'NONE', #1044, #1793, #136 ) ;
#884 = AXIS2_PLACEMENT_3D ( 'NONE', #1323, #383, #395 ) ;
#885 = VECTOR ( 'NONE', #1831, 1000.000000000000000 ) ;
#886 = CIRCLE ( 'NONE', #324, 2.250000000000001776 ) ;
#887 = AXIS2_PLACEMENT_3D ( 'NONE', #2330, #76, #810 ) ;
#888 = CARTESIAN_POINT ( 'NONE',  ( 56.34999999999999432, 3.499999999999996003, 4.900000000000000355 ) ) ;
#889 = CARTESIAN_POINT ( 'NONE',  ( 1.799999999999999156, 12.31999999999999673, 4.900000000000000355 ) ) ;
#890 = DIRECTION ( 'NONE',  ( 1.000000000000000000, 0.000000000000000000, 0.000000000000000000 ) ) ;
#891 = LINE ( 'NONE', #2343, #472 ) ;
#892 = CYLINDRICAL_SURFACE ( 'NONE', #1822, 2.250000000000001776 ) ;
#893 = DIRECTION ( 'NONE',  ( -1.000000000000000000, 6.938893903907222067E-14, 0.000000000000000000 ) ) ;
#894 = VERTEX_POINT ( 'NONE', #2216 ) ;
#895 = ADVANCED_FACE ( 'NONE', ( #2040 ), #1269, .F. ) ;
#896 = DIRECTION ( 'NONE',  ( 0.000000000000000000, 0.000000000000000000, 1.000000000000000000 ) ) ;
#897 = FACE_OUTER_BOUND ( 'NONE', #817, .T. ) ;
#898 = DIRECTION ( 'NONE',  ( 0.000000000000000000, 0.000000000000000000, -1.000000000000000000 ) ) ;
#899 = CYLINDRICAL_SURFACE ( 'NONE', #2218, 2.250000000000001776 ) ;
#900 = CARTESIAN_POINT ( 'NONE',  ( 56.34999999999999432, 28.62999999999999901, 14.90000000000000036 ) ) ;
#901 = ORIENTED_EDGE ( 'NONE', *, *, #1492, .T. ) ;
#902 = EDGE_CURVE ( 'NONE', #570, #1369, #178, .T. ) ;
#903 = EDGE_CURVE ( 'NONE', #992, #287, #2241, .T. ) ;
#904 = EDGE_CURVE ( 'NONE', #1164, #2234, #1812, .T. ) ;
#905 = FACE_OUTER_BOUND ( 'NONE', #781, .T. ) ;
#906 = CARTESIAN_POINT ( 'NONE',  ( 53.84999999999998010, 34.79999999999999716, 19.14999999999999858 ) ) ;
#907 = ORIENTED_EDGE ( 'NONE', *, *, #1679, .F. ) ;
#908 = CARTESIAN_POINT ( 'NONE',  ( 56.34999999999999432, 12.31999999999999673, 14.90000000000000036 ) ) ;
#909 = DIRECTION ( 'NONE',  ( 1.000000000000000000, 0.000000000000000000, -0.000000000000000000 ) ) ;
#910 = AXIS2_PLACEMENT_3D ( 'NONE', #958, #1167, #594 ) ;
#911 = CARTESIAN_POINT ( 'NONE',  ( 49.78000000000000114, 37.19999999999999574, 4.900000000000001243 ) ) ;
#912 = ORIENTED_EDGE ( 'NONE', *, *, #1522, .T. ) ;
#913 = VECTOR ( 'NONE', #2079, 1000.000000000000000 ) ;
#914 = VECTOR ( 'NONE', #2197, 1000.000000000000000 ) ;
#915 = VECTOR ( 'NONE', #685, 1000.000000000000000 ) ;
#916 = AXIS2_PLACEMENT_3D ( 'NONE', #1869, #709, #534 ) ;
#917 = CIRCLE ( 'NONE', #1895, 0.2500000000000002220 ) ;
#918 = CARTESIAN_POINT ( 'NONE',  ( 4.049999999999999822, 3.499999999999996003, 4.900000000000000355 ) ) ;
#919 = LINE ( 'NONE', #553, #1199 ) ;
#920 = EDGE_LOOP ( 'NONE', ( #207, #2164, #719, #1188 ) ) ;
#921 = AXIS2_PLACEMENT_3D ( 'NONE', #1720, #1014, #1170 ) ;
#922 = CARTESIAN_POINT ( 'NONE',  ( 3.500000000000000000, 0.000000000000000000, 4.900000000000000355 ) ) ;
#923 = LINE ( 'NONE', #372, #276 ) ;
#924 = DIRECTION ( 'NONE',  ( 0.000000000000000000, 1.000000000000000000, 0.000000000000000000 ) ) ;
#925 = DIRECTION ( 'NONE',  ( -0.000000000000000000, -1.000000000000000000, -0.000000000000000000 ) ) ;
#926 = ORIENTED_EDGE ( 'NONE', *, *, #2222, .F. ) ;
#927 = AXIS2_PLACEMENT_3D ( 'NONE', #1180, #1927, #1750 ) ;
#928 = ORIENTED_EDGE ( 'NONE', *, *, #1616, .T. ) ;
#929 = LINE ( 'NONE', #1328, #604 ) ;
#930 = CARTESIAN_POINT ( 'NONE',  ( 56.34999999999999432, 30.62999999999999901, 14.90000000000000036 ) ) ;
#931 = ORIENTED_EDGE ( 'NONE', *, *, #2233, .T. ) ;
#932 = CARTESIAN_POINT ( 'NONE',  ( 53.94999999999999574, 5.999999999999993783, 19.14999999999999858 ) ) ;
#933 = CARTESIAN_POINT ( 'NONE',  ( 54.94999999999999574, 5.999999999999993783, 3.500000000000000888 ) ) ;
#934 = EDGE_CURVE ( 'NONE', #278, #1997, #1862, .T. ) ;
#935 = EDGE_CURVE ( 'NONE', #422, #2139, #717, .T. ) ;
#936 = CARTESIAN_POINT ( 'NONE',  ( 12.86999999999999922, 37.19999999999999574, 14.90000000000000036 ) ) ;
#937 = EDGE_LOOP ( 'NONE', ( #764, #107, #1314, #660 ) ) ;
#938 = ADVANCED_FACE ( 'NONE', ( #1513 ), #1657, .T. ) ;
#939 = ORIENTED_EDGE ( 'NONE', *, *, #197, .F. ) ;
#940 = LINE ( 'NONE', #31, #913 ) ;
#941 = DIRECTION ( 'NONE',  ( -1.387778780781445676E-13, -1.000000000000000000, 0.000000000000000000 ) ) ;
#942 = VERTEX_POINT ( 'NONE', #1523 ) ;
#943 = ORIENTED_EDGE ( 'NONE', *, *, #1464, .T. ) ;
#944 = CARTESIAN_POINT ( 'NONE',  ( 56.34999999999999432, 3.499999999999996003, 14.90000000000000036 ) ) ;
#945 = DIRECTION ( 'NONE',  ( -1.000000000000000000, 0.000000000000000000, 0.000000000000000000 ) ) ;
#946 = CARTESIAN_POINT ( 'NONE',  ( 56.34999999999999432, 28.37999999999999545, 12.90000000000000036 ) ) ;
#947 = ORIENTED_EDGE ( 'NONE', *, *, #791, .F. ) ;
#948 = ORIENTED_EDGE ( 'NONE', *, *, #149, .F. ) ;
#949 = AXIS2_PLACEMENT_3D ( 'NONE', #1462, #1847, #708 ) ;
#950 = ORIENTED_EDGE ( 'NONE', *, *, #2368, .F. ) ;
#951 = LINE ( 'NONE', #409, #2333 ) ;
#952 = DIRECTION ( 'NONE',  ( 0.000000000000000000, 1.000000000000000000, 0.000000000000000000 ) ) ;
#953 = CIRCLE ( 'NONE', #721, 3.500000000000003109 ) ;
#954 = CIRCLE ( 'NONE', #2057, 0.1000000000000028644 ) ;
#955 = ORIENTED_EDGE ( 'NONE', *, *, #1836, .F. ) ;
#956 = VECTOR ( 'NONE', #2355, 1000.000000000000000 ) ;
#957 = VECTOR ( 'NONE', #1703, 1000.000000000000000 ) ;
#958 = CARTESIAN_POINT ( 'NONE',  ( 3.799999999999996714, 28.37999999999999545, 12.90000000000000036 ) ) ;
#959 = DIRECTION ( 'NONE',  ( 1.000000000000000000, -0.000000000000000000, -0.000000000000000000 ) ) ;
#960 = DIRECTION ( 'NONE',  ( 1.000000000000000000, 0.000000000000000000, 0.000000000000000000 ) ) ;
#961 = VECTOR ( 'NONE', #1877, 1000.000000000000000 ) ;
#962 = DIRECTION ( 'NONE',  ( 0.000000000000000000, 0.000000000000000000, 1.000000000000000000 ) ) ;
#963 = CARTESIAN_POINT ( 'NONE',  ( 57.99999999999999289, 37.19999999999999574, 4.900000000000000355 ) ) ;
#964 = ORIENTED_EDGE ( 'NONE', *, *, #2353, .F. ) ;
#965 = ORIENTED_EDGE ( 'NONE', *, *, #2215, .F. ) ;
#966 = AXIS2_PLACEMENT_3D ( 'NONE', #983, #1943, #1730 ) ;
#967 = EDGE_CURVE ( 'NONE', #1835, #13, #1883, .T. ) ;
#968 = DIRECTION ( 'NONE',  ( 1.000000000000000000, 0.000000000000000000, 0.000000000000000000 ) ) ;
#969 = CARTESIAN_POINT ( 'NONE',  ( 4.049999999999999822, 3.499999999999996003, 14.90000000000000036 ) ) ;
#970 = ORIENTED_EDGE ( 'NONE', *, *, #902, .T. ) ;
#971 = ORIENTED_EDGE ( 'NONE', *, *, #1403, .F. ) ;
#972 = DIRECTION ( 'NONE',  ( -0.000000000000000000, -0.000000000000000000, 1.000000000000000000 ) ) ;
#973 = CYLINDRICAL_SURFACE ( 'NONE', #199, 3.500000000000000000 ) ;
#974 = PLANE ( 'NONE',  #1976 ) ;
#975 = PLANE ( 'NONE',  #2188 ) ;
#976 = ORIENTED_EDGE ( 'NONE', *, *, #18, .F. ) ;
#977 = LINE ( 'NONE', #1724, #232 ) ;
#978 = LINE ( 'NONE', #1146, #577 ) ;
#979 = ORIENTED_EDGE ( 'NONE', *, *, #48, .T. ) ;
#980 = EDGE_LOOP ( 'NONE', ( #2113, #440, #560, #630, #1912, #1056, #453, #1654 ) ) ;
#981 = ADVANCED_FACE ( 'NONE', ( #1915 ), #2265, .T. ) ;
#982 = VERTEX_POINT ( 'NONE', #2273 ) ;
#983 = CARTESIAN_POINT ( 'NONE',  ( 56.34999999999999432, 28.37999999999999545, 14.90000000000000036 ) ) ;
#984 = DIRECTION ( 'NONE',  ( 0.000000000000000000, 0.000000000000000000, -1.000000000000000000 ) ) ;
#985 = FACE_OUTER_BOUND ( 'NONE', #1206, .T. ) ;
#986 = CARTESIAN_POINT ( 'NONE',  ( 56.34999999999999432, 30.62999999999999901, 12.90000000000000036 ) ) ;
#987 = ORIENTED_EDGE ( 'NONE', *, *, #617, .F. ) ;
#988 = ORIENTED_EDGE ( 'NONE', *, *, #518, .T. ) ;
#989 = ORIENTED_EDGE ( 'NONE', *, *, #2287, .F. ) ;
#990 = CARTESIAN_POINT ( 'NONE',  ( 56.34999999999999432, 12.06999999999999318, 12.90000000000000036 ) ) ;
#991 = DIRECTION ( 'NONE',  ( 0.000000000000000000, -0.000000000000000000, -1.000000000000000000 ) ) ;
#992 = VERTEX_POINT ( 'NONE', #1563 ) ;
#993 = CIRCLE ( 'NONE', #1939, 0.9999999999999995559 ) ;
#994 = EDGE_LOOP ( 'NONE', ( #1519, #1493, #1516, #2053 ) ) ;
#995 = VECTOR ( 'NONE', #2010, 1000.000000000000000 ) ;
#996 = EDGE_LOOP ( 'NONE', ( #1483, #1544, #2226, #2045 ) ) ;
#997 = CARTESIAN_POINT ( 'NONE',  ( 60.39999999999999858, 3.500000000000000000, 0.000000000000000000 ) ) ;
#998 = DIRECTION ( 'NONE',  ( 1.000000000000000000, 0.000000000000000000, 0.000000000000000000 ) ) ;
#999 = AXIS2_PLACEMENT_3D ( 'NONE', #990, #1028, #1741 ) ;
#1000 = VECTOR ( 'NONE', #1928, 1000.000000000000000 ) ;
#1001 = DIRECTION ( 'NONE',  ( 0.000000000000000000, 1.000000000000000000, 0.000000000000000000 ) ) ;
#1002 = AXIS2_PLACEMENT_3D ( 'NONE', #1597, #874, #1216 ) ;
#1003 = DIRECTION ( 'NONE',  ( 0.000000000000000000, 0.000000000000000000, -1.000000000000000000 ) ) ;
#1004 = EDGE_LOOP ( 'NONE', ( #1149, #452, #470, #1253, #2240, #1026, #2072, #988 ) ) ;
#1005 = AXIS2_PLACEMENT_3D ( 'NONE', #1754, #639, #1772 ) ;
#1006 = EDGE_LOOP ( 'NONE', ( #505, #2337, #2190, #2320 ) ) ;
#1007 = DIRECTION ( 'NONE',  ( 1.000000000000000000, 0.000000000000000000, 0.000000000000000000 ) ) ;
#1008 = EDGE_LOOP ( 'NONE', ( #1148, #1338, #1215, #2108 ) ) ;
#1009 = EDGE_LOOP ( 'NONE', ( #1778, #1790, #1641 ) ) ;
#1010 = CARTESIAN_POINT ( 'NONE',  ( 53.84999999999999432, 3.499999999999996003, 4.900000000000000355 ) ) ;
#1011 = CARTESIAN_POINT ( 'NONE',  ( 4.049999999999999822, 12.31999999999999673, 4.900000000000000355 ) ) ;
#1012 = CARTESIAN_POINT ( 'NONE',  ( 6.549999999999998934, 5.999999999999995559, 19.14999999999999858 ) ) ;
#1013 = CARTESIAN_POINT ( 'NONE',  ( 4.049999999999999822, 34.69999999999999574, 19.14999999999999858 ) ) ;
#1014 = DIRECTION ( 'NONE',  ( 1.224646799147353207E-16, 1.000000000000000000, -0.000000000000000000 ) ) ;
#1015 = VERTEX_POINT ( 'NONE', #1331 ) ;
#1016 = EDGE_CURVE ( 'NONE', #1497, #1396, #819, .T. ) ;
#1017 = ADVANCED_FACE ( 'NONE', ( #441 ), #606, .T. ) ;
#1018 = ORIENTED_EDGE ( 'NONE', *, *, #807, .F. ) ;
#1019 = EDGE_LOOP ( 'NONE', ( #1176, #188, #1828, #1304 ) ) ;
#1020 = ORIENTED_EDGE ( 'NONE', *, *, #1604, .T. ) ;
#1021 = VERTEX_POINT ( 'NONE', #424 ) ;
#1022 = ORIENTED_EDGE ( 'NONE', *, *, #2354, .F. ) ;
#1023 = DIRECTION ( 'NONE',  ( 1.000000000000000000, 0.000000000000000000, -0.000000000000000000 ) ) ;
#1024 = CARTESIAN_POINT ( 'NONE',  ( 12.86999999999999922, 37.19999999999999574, 14.90000000000000036 ) ) ;
#1025 = CARTESIAN_POINT ( 'NONE',  ( 3.500000000000000000, 37.19999999999999574, 4.900000000000000355 ) ) ;
#1026 = ORIENTED_EDGE ( 'NONE', *, *, #1866, .T. ) ;
#1027 = VERTEX_POINT ( 'NONE', #1351 ) ;
#1028 = DIRECTION ( 'NONE',  ( -1.000000000000000000, 0.000000000000000000, 0.000000000000000000 ) ) ;
#1029 = SURFACE_SIDE_STYLE ('',( #1409 ) ) ;
#1030 = ORIENTED_EDGE ( 'NONE', *, *, #435, .F. ) ;
#1031 = ORIENTED_EDGE ( 'NONE', *, *, #1963, .F. ) ;
#1032 = DIRECTION ( 'NONE',  ( 1.000000000000000000, 0.000000000000000000, 0.000000000000000000 ) ) ;
#1033 = AXIS2_PLACEMENT_3D ( 'NONE', #2062, #1341, #1312 ) ;
#1034 = FACE_OUTER_BOUND ( 'NONE', #1009, .T. ) ;
#1035 = CARTESIAN_POINT ( 'NONE',  ( 56.34999999999999432, 34.69999999999999574, 4.900000000000000355 ) ) ;
#1036 = VECTOR ( 'NONE', #846, 1000.000000000000000 ) ;
#1037 = VECTOR ( 'NONE', #1138, 1000.000000000000000 ) ;
#1038 = VERTEX_POINT ( 'NONE', #997 ) ;
#1039 = VECTOR ( 'NONE', #1995, 1000.000000000000000 ) ;
#1040 = EDGE_LOOP ( 'NONE', ( #1899, #1110, #2092, #1435 ) ) ;
#1041 = COLOUR_RGB ( '',0.7921568627450980005, 0.8196078431372548767, 0.9333333333333333481 ) ;
#1042 = ORIENTED_EDGE ( 'NONE', *, *, #1104, .T. ) ;
#1043 = AXIS2_PLACEMENT_3D ( 'NONE', #56, #2311, #2281 ) ;
#1044 = CARTESIAN_POINT ( 'NONE',  ( 12.86999999999999922, 3.499999999999996003, 14.90000000000000036 ) ) ;
#1045 = PLANE ( 'NONE',  #2140 ) ;
#1046 = ORIENTED_EDGE ( 'NONE', *, *, #1459, .T. ) ;
#1047 = EDGE_CURVE ( 'NONE', #1729, #1882, #334, .T. ) ;
#1048 = EDGE_CURVE ( 'NONE', #1913, #422, #2104, .T. ) ;
#1049 = CARTESIAN_POINT ( 'NONE',  ( 12.86999999999999922, 37.19999999999999574, 4.900000000000000355 ) ) ;
#1050 = DIRECTION ( 'NONE',  ( 1.000000000000000000, 0.000000000000000000, 0.000000000000000000 ) ) ;
#1051 = CYLINDRICAL_SURFACE ( 'NONE', #1273, 2.250000000000001776 ) ;
#1052 = LINE ( 'NONE', #2005, #1627 ) ;
#1053 = DIRECTION ( 'NONE',  ( 1.000000000000000000, 0.000000000000000000, 0.000000000000000000 ) ) ;
#1054 = DIRECTION ( 'NONE',  ( 0.000000000000000000, 0.000000000000000000, -1.000000000000000000 ) ) ;
#1055 = ORIENTED_EDGE ( 'NONE', *, *, #1417, .F. ) ;
#1056 = ORIENTED_EDGE ( 'NONE', *, *, #419, .F. ) ;
#1057 = DIRECTION ( 'NONE',  ( -0.000000000000000000, -0.000000000000000000, 1.000000000000000000 ) ) ;
#1058 = DIRECTION ( 'NONE',  ( -1.000000000000000000, 0.000000000000000000, 0.000000000000000000 ) ) ;
#1059 = LINE ( 'NONE', #525, #2054 ) ;
#1060 = FACE_OUTER_BOUND ( 'NONE', #256, .T. ) ;
#1061 = CARTESIAN_POINT ( 'NONE',  ( 2.399999999999999911, 3.500000000000000000, 2.500000000000000888 ) ) ;
#1062 = EDGE_CURVE ( 'NONE', #2100, #816, #2229, .T. ) ;
#1063 = EDGE_CURVE ( 'NONE', #1400, #840, #1692, .T. ) ;
#1064 = CARTESIAN_POINT ( 'NONE',  ( 4.049999999999999822, 3.499999999999996003, 14.90000000000000036 ) ) ;
#1065 = CARTESIAN_POINT ( 'NONE',  ( 6.549999999999998934, 5.999999999999995559, 4.900000000000001243 ) ) ;
#1066 = ORIENTED_EDGE ( 'NONE', *, *, #1733, .F. ) ;
#1067 = AXIS2_PLACEMENT_3D ( 'NONE', #575, #1301, #2051 ) ;
#1068 = CARTESIAN_POINT ( 'NONE',  ( 45.27999999999999403, 37.19999999999999574, 14.90000000000000036 ) ) ;
#1069 = DIRECTION ( 'NONE',  ( 0.000000000000000000, 0.000000000000000000, -1.000000000000000000 ) ) ;
#1070 = EDGE_CURVE ( 'NONE', #111, #1898, #993, .T. ) ;
#1071 = PLANE ( 'NONE',  #2255 ) ;
#1072 = LINE ( 'NONE', #1064, #2014 ) ;
#1073 = DIRECTION ( 'NONE',  ( -1.000000000000000000, 0.000000000000000000, 0.000000000000000000 ) ) ;
#1074 = ORIENTED_EDGE ( 'NONE', *, *, #1522, .F. ) ;
#1075 = AXIS2_PLACEMENT_3D ( 'NONE', #1838, #2394, #1264 ) ;
#1076 = AXIS2_PLACEMENT_3D ( 'NONE', #1905, #250, #1073 ) ;
#1077 = AXIS2_PLACEMENT_3D ( 'NONE', #779, #2317, #261 ) ;
#1078 = AXIS2_PLACEMENT_3D ( 'NONE', #877, #676, #1622 ) ;
#1079 = VECTOR ( 'NONE', #12, 1000.000000000000000 ) ;
#1080 = VECTOR ( 'NONE', #487, 1000.000000000000000 ) ;
#1081 = DIRECTION ( 'NONE',  ( 1.000000000000000000, 0.000000000000000000, 0.000000000000000000 ) ) ;
#1082 = CARTESIAN_POINT ( 'NONE',  ( 53.84999999999999432, 37.19999999999999574, 19.14999999999999858 ) ) ;
#1083 = CARTESIAN_POINT ( 'NONE',  ( 53.84999999999999432, 3.499999999999996003, 19.14999999999999858 ) ) ;
#1084 =( NAMED_UNIT ( * ) SI_UNIT ( $, .STERADIAN. ) SOLID_ANGLE_UNIT ( ) );
#1085 = VERTEX_POINT ( 'NONE', #50 ) ;
#1086 = EDGE_CURVE ( 'NONE', #333, #297, #230, .T. ) ;
#1087 = CARTESIAN_POINT ( 'NONE',  ( 0.000000000000000000, 0.000000000000000000, 0.000000000000000000 ) ) ;
#1088 = CARTESIAN_POINT ( 'NONE',  ( 5.449999999999999289, 5.999999999999986677, 2.500000000000000888 ) ) ;
#1089 = EDGE_CURVE ( 'NONE', #2007, #1997, #164, .T. ) ;
#1090 = EDGE_CURVE ( 'NONE', #551, #2153, #1920, .T. ) ;
#1091 = ORIENTED_EDGE ( 'NONE', *, *, #1276, .F. ) ;
#1092 = DIRECTION ( 'NONE',  ( -0.000000000000000000, -0.000000000000000000, -1.000000000000000000 ) ) ;
#1093 = CARTESIAN_POINT ( 'NONE',  ( 56.34999999999999432, 12.31999999999999673, 12.90000000000000036 ) ) ;
#1094 = EDGE_CURVE ( 'NONE', #297, #267, #200, .T. ) ;
#1095 = VERTEX_POINT ( 'NONE', #455 ) ;
#1096 = CARTESIAN_POINT ( 'NONE',  ( 4.049999999999999822, 12.31999999999999673, 12.90000000000000036 ) ) ;
#1097 = DIRECTION ( 'NONE',  ( 0.000000000000000000, 0.000000000000000000, 1.000000000000000000 ) ) ;
#1098 = ADVANCED_FACE ( 'NONE', ( #1153 ), #1760, .T. ) ;
#1099 = DIRECTION ( 'NONE',  ( -0.000000000000000000, -0.000000000000000000, 1.000000000000000000 ) ) ;
#1100 = ORIENTED_EDGE ( 'NONE', *, *, #2214, .T. ) ;
#1101 = APPLICATION_CONTEXT ( 'automotive_design' ) ;
#1102 = PRODUCT_DEFINITION_SHAPE ( 'NONE', 'NONE',  #1846 ) ;
#1103 = EDGE_LOOP ( 'NONE', ( #1318, #1683, #741, #1664 ) ) ;
#1104 = EDGE_CURVE ( 'NONE', #1171, #1755, #586, .T. ) ;
#1105 = DIRECTION ( 'NONE',  ( 1.000000000000000000, 0.000000000000000000, 0.000000000000000000 ) ) ;
#1106 = EDGE_LOOP ( 'NONE', ( #325, #2346, #263, #10 ) ) ;
#1107 = CARTESIAN_POINT ( 'NONE',  ( 4.049999999999999822, 3.499999999999996003, 19.14999999999999858 ) ) ;
#1108 = DIRECTION ( 'NONE',  ( -1.000000000000000000, 0.000000000000000000, 0.000000000000000000 ) ) ;
#1109 = PLANE ( 'NONE',  #364 ) ;
#1110 = ORIENTED_EDGE ( 'NONE', *, *, #745, .F. ) ;
#1111 = VECTOR ( 'NONE', #226, 1000.000000000000000 ) ;
#1112 = CIRCLE ( 'NONE', #1121, 0.1000000000000028644 ) ;
#1113 = AXIS2_PLACEMENT_3D ( 'NONE', #1917, #1394, #1366 ) ;
#1114 = AXIS2_PLACEMENT_3D ( 'NONE', #778, #998, #984 ) ;
#1115 = ADVANCED_FACE ( 'NONE', ( #1884 ), #1717, .T. ) ;
#1116 = AXIS2_PLACEMENT_3D ( 'NONE', #266, #2122, #991 ) ;
#1117 = ORIENTED_EDGE ( 'NONE', *, *, #903, .F. ) ;
#1118 = FACE_OUTER_BOUND ( 'NONE', #283, .T. ) ;
#1119 = CYLINDRICAL_SURFACE ( 'NONE', #1700, 2.250000000000001776 ) ;
#1120 = ADVANCED_FACE ( 'NONE', ( #1249 ), #299, .F. ) ;
#1121 = AXIS2_PLACEMENT_3D ( 'NONE', #667, #678, #366 ) ;
#1122 = CARTESIAN_POINT ( 'NONE',  ( 6.449999999999999289, 34.69999999999998863, 3.499999999999999556 ) ) ;
#1123 = FACE_OUTER_BOUND ( 'NONE', #303, .T. ) ;
#1124 = DIRECTION ( 'NONE',  ( -1.000000000000000000, 0.000000000000000000, -0.000000000000000000 ) ) ;
#1125 = EDGE_CURVE ( 'NONE', #1015, #679, #165, .T. ) ;
#1126 = ORIENTED_EDGE ( 'NONE', *, *, #868, .F. ) ;
#1127 = FACE_OUTER_BOUND ( 'NONE', #1225, .T. ) ;
#1128 = CARTESIAN_POINT ( 'NONE',  ( 10.61999999999999922, 3.499999999999996003, 12.90000000000000036 ) ) ;
#1129 = ORIENTED_EDGE ( 'NONE', *, *, #2066, .F. ) ;
#1130 = ORIENTED_EDGE ( 'NONE', *, *, #100, .F. ) ;
#1131 = CARTESIAN_POINT ( 'NONE',  ( 45.27999999999999403, 37.19999999999999574, 4.900000000000000355 ) ) ;
#1132 = DIRECTION ( 'NONE',  ( 0.000000000000000000, 0.000000000000000000, 1.000000000000000000 ) ) ;
#1133 = CARTESIAN_POINT ( 'NONE',  ( 0.000000000000000000, 5.899999999999995914, 19.14999999999999858 ) ) ;
#1134 = ORIENTED_EDGE ( 'NONE', *, *, #733, .T. ) ;
#1135 = CARTESIAN_POINT ( 'NONE',  ( 53.84999999999999432, 5.999999999999994671, 4.900000000000001243 ) ) ;
#1136 = ORIENTED_EDGE ( 'NONE', *, *, #2250, .F. ) ;
#1137 = VERTEX_POINT ( 'NONE', #2166 ) ;
#1138 = DIRECTION ( 'NONE',  ( -1.000000000000000000, -0.000000000000000000, -0.000000000000000000 ) ) ;
#1139 = FACE_OUTER_BOUND ( 'NONE', #1971, .T. ) ;
#1140 = DIRECTION ( 'NONE',  ( -1.000000000000000000, 0.000000000000000000, 0.000000000000000000 ) ) ;
#1141 = ORIENTED_EDGE ( 'NONE', *, *, #1422, .F. ) ;
#1142 = ADVANCED_FACE ( 'NONE', ( #1952, #843 ), #2327, .T. ) ;
#1143 = CARTESIAN_POINT ( 'NONE',  ( 4.049999999999998046, 28.37999999999999545, 4.900000000000000355 ) ) ;
#1144 = CIRCLE ( 'NONE', #2012, 0.2500000000000002220 ) ;
#1145 = DIRECTION ( 'NONE',  ( -0.000000000000000000, -0.000000000000000000, -1.000000000000000000 ) ) ;
#1146 = CARTESIAN_POINT ( 'NONE',  ( 4.049999999999999822, 34.69999999999999574, 19.14999999999999858 ) ) ;
#1147 = CIRCLE ( 'NONE', #1272, 0.1000000000000002554 ) ;
#1148 = ORIENTED_EDGE ( 'NONE', *, *, #1391, .T. ) ;
#1149 = ORIENTED_EDGE ( 'NONE', *, *, #836, .F. ) ;
#1150 = EDGE_CURVE ( 'NONE', #737, #1558, #1433, .T. ) ;
#1151 = CIRCLE ( 'NONE', #1471, 2.250000000000000444 ) ;
#1152 = CIRCLE ( 'NONE', #2338, 2.500000000000002220 ) ;
#1153 = FACE_OUTER_BOUND ( 'NONE', #173, .T. ) ;
#1154 = CARTESIAN_POINT ( 'NONE',  ( 56.34999999999999432, 28.37999999999999545, 12.90000000000000036 ) ) ;
#1155 = VECTOR ( 'NONE', #1922, 1000.000000000000000 ) ;
#1156 = DIRECTION ( 'NONE',  ( -1.000000000000000000, 0.000000000000000000, 0.000000000000000000 ) ) ;
#1157 = DIRECTION ( 'NONE',  ( 0.000000000000000000, 1.000000000000000000, 0.000000000000000000 ) ) ;
#1158 = ORIENTED_EDGE ( 'NONE', *, *, #1422, .T. ) ;
#1159 = ORIENTED_EDGE ( 'NONE', *, *, #1291, .F. ) ;
#1160 = ADVANCED_FACE ( 'NONE', ( #701 ), #2297, .T. ) ;
#1161 = EDGE_CURVE ( 'NONE', #1582, #111, #430, .T. ) ;
#1162 = DIRECTION ( 'NONE',  ( -0.000000000000000000, -0.000000000000000000, -1.000000000000000000 ) ) ;
#1163 = DIRECTION ( 'NONE',  ( 0.000000000000000000, 0.000000000000000000, -1.000000000000000000 ) ) ;
#1164 = VERTEX_POINT ( 'NONE', #684 ) ;
#1165 = ORIENTED_EDGE ( 'NONE', *, *, #1353, .T. ) ;
#1166 = VERTEX_POINT ( 'NONE', #1769 ) ;
#1167 = DIRECTION ( 'NONE',  ( 1.224646799147353207E-16, 1.000000000000000000, -0.000000000000000000 ) ) ;
#1168 = DIRECTION ( 'NONE',  ( -0.000000000000000000, 0.000000000000000000, -1.000000000000000000 ) ) ;
#1169 = DIRECTION ( 'NONE',  ( 0.000000000000000000, 0.000000000000000000, 1.000000000000000000 ) ) ;
#1170 = DIRECTION ( 'NONE',  ( -1.000000000000000000, 0.000000000000000000, 0.000000000000000000 ) ) ;
#1171 = VERTEX_POINT ( 'NONE', #2183 ) ;
#1172 = ORIENTED_EDGE ( 'NONE', *, *, #1616, .F. ) ;
#1173 = ORIENTED_EDGE ( 'NONE', *, *, #1284, .F. ) ;
#1174 = FACE_OUTER_BOUND ( 'NONE', #1226, .T. ) ;
#1175 = LINE ( 'NONE', #969, #1155 ) ;
#1176 = ORIENTED_EDGE ( 'NONE', *, *, #1787, .F. ) ;
#1177 = ORIENTED_EDGE ( 'NONE', *, *, #1991, .F. ) ;
#1178 = EDGE_CURVE ( 'NONE', #880, #1410, #857, .T. ) ;
#1179 = VERTEX_POINT ( 'NONE', #491 ) ;
#1180 = CARTESIAN_POINT ( 'NONE',  ( 47.27999999999999403, 37.19999999999999574, 12.90000000000000036 ) ) ;
#1181 = DIRECTION ( 'NONE',  ( -1.000000000000000000, 0.000000000000000000, 0.000000000000000000 ) ) ;
#1182 = DIRECTION ( 'NONE',  ( 1.000000000000000000, 0.000000000000000000, 0.000000000000000000 ) ) ;
#1183 = CARTESIAN_POINT ( 'NONE',  ( 6.549999999999998934, 3.499999999999996003, 19.14999999999999858 ) ) ;
#1184 = ORIENTED_EDGE ( 'NONE', *, *, #1957, .F. ) ;
#1185 = ADVANCED_FACE ( 'NONE', ( #1060 ), #2342, .T. ) ;
#1186 = VERTEX_POINT ( 'NONE', #1257 ) ;
#1187 = DIRECTION ( 'NONE',  ( -0.000000000000000000, -0.000000000000000000, 1.000000000000000000 ) ) ;
#1188 = ORIENTED_EDGE ( 'NONE', *, *, #500, .F. ) ;
#1189 = AXIS2_PLACEMENT_3D ( 'NONE', #1322, #2115, #1376 ) ;
#1190 = EDGE_LOOP ( 'NONE', ( #1288, #1571, #1374, #238 ) ) ;
#1191 = VECTOR ( 'NONE', #2024, 1000.000000000000000 ) ;
#1192 = CARTESIAN_POINT ( 'NONE',  ( 47.52999999999999403, 37.19999999999999574, 14.90000000000000036 ) ) ;
#1193 = CARTESIAN_POINT ( 'NONE',  ( 4.049999999999999822, 14.56999999999999673, 14.90000000000000036 ) ) ;
#1194 = DIRECTION ( 'NONE',  ( 1.000000000000000000, 0.000000000000000000, 0.000000000000000000 ) ) ;
#1195 = EDGE_CURVE ( 'NONE', #485, #1021, #1966, .T. ) ;
#1196 = EDGE_CURVE ( 'NONE', #2210, #445, #338, .T. ) ;
#1197 = AXIS2_PLACEMENT_3D ( 'NONE', #2288, #443, #2106 ) ;
#1198 = AXIS2_PLACEMENT_3D ( 'NONE', #1783, #2364, #503 ) ;
#1199 = VECTOR ( 'NONE', #1287, 1000.000000000000000 ) ;
#1200 = DIRECTION ( 'NONE',  ( -0.000000000000000000, -0.000000000000000000, 1.000000000000000000 ) ) ;
#1201 = CIRCLE ( 'NONE', #1043, 1.100000000000003642 ) ;
#1202 = DIRECTION ( 'NONE',  ( 0.000000000000000000, 0.000000000000000000, 1.000000000000000000 ) ) ;
#1203 = ORIENTED_EDGE ( 'NONE', *, *, #1656, .F. ) ;
#1204 = ORIENTED_EDGE ( 'NONE', *, *, #796, .F. ) ;
#1205 = FACE_OUTER_BOUND ( 'NONE', #1274, .T. ) ;
#1206 = EDGE_LOOP ( 'NONE', ( #987, #1502, #1562, #1136 ) ) ;
#1207 = ORIENTED_EDGE ( 'NONE', *, *, #680, .F. ) ;
#1208 = ADVANCED_FACE ( 'NONE', ( #1220 ), #123, .T. ) ;
#1209 = ORIENTED_EDGE ( 'NONE', *, *, #2090, .F. ) ;
#1210 = CARTESIAN_POINT ( 'NONE',  ( 56.34999999999999432, 28.37999999999999545, 12.90000000000000036 ) ) ;
#1211 = DIRECTION ( 'NONE',  ( 0.000000000000000000, 0.000000000000000000, 1.000000000000000000 ) ) ;
#1212 = CARTESIAN_POINT ( 'NONE',  ( 6.549999999999998934, 5.999999999999995559, 19.14999999999999858 ) ) ;
#1213 = CARTESIAN_POINT ( 'NONE',  ( 56.34999999999999432, 10.06999999999999318, 14.90000000000000036 ) ) ;
#1214 = ORIENTED_EDGE ( 'NONE', *, *, #500, .T. ) ;
#1215 = ORIENTED_EDGE ( 'NONE', *, *, #935, .F. ) ;
#1216 = DIRECTION ( 'NONE',  ( -1.000000000000000000, 0.000000000000000000, -0.000000000000000000 ) ) ;
#1217 = ORIENTED_EDGE ( 'NONE', *, *, #1016, .F. ) ;
#1218 = VERTEX_POINT ( 'NONE', #2351 ) ;
#1219 = ORIENTED_EDGE ( 'NONE', *, *, #1998, .T. ) ;
#1220 = FACE_OUTER_BOUND ( 'NONE', #2043, .T. ) ;
#1221 = DIRECTION ( 'NONE',  ( 0.000000000000000000, -0.000000000000000000, 1.000000000000000000 ) ) ;
#1222 = EDGE_CURVE ( 'NONE', #1721, #2236, #2374, .T. ) ;
#1223 = DIRECTION ( 'NONE',  ( -1.000000000000000000, 0.000000000000000000, 0.000000000000000000 ) ) ;
#1224 = DIRECTION ( 'NONE',  ( 0.000000000000000000, 0.000000000000000000, -1.000000000000000000 ) ) ;
#1225 = EDGE_LOOP ( 'NONE', ( #1758, #615, #2142, #2402 ) ) ;
#1226 = EDGE_LOOP ( 'NONE', ( #561, #2279, #1975, #1547 ) ) ;
#1227 = EDGE_CURVE ( 'NONE', #1027, #1460, #511, .T. ) ;
#1228 = ADVANCED_FACE ( 'NONE', ( #1796 ), #318, .T. ) ;
#1229 = DIRECTION ( 'NONE',  ( 0.000000000000000000, 0.000000000000000000, -1.000000000000000000 ) ) ;
#1230 = PLANE ( 'NONE',  #1508 ) ;
#1231 = EDGE_LOOP ( 'NONE', ( #1644, #2358, #1630, #1296 ) ) ;
#1232 = CARTESIAN_POINT ( 'NONE',  ( 0.000000000000000000, 40.70000000000000284, 4.900000000000000355 ) ) ;
#1233 = CARTESIAN_POINT ( 'NONE',  ( 56.34999999999999432, 12.31999999999999673, 12.90000000000000036 ) ) ;
#1234 = CARTESIAN_POINT ( 'NONE',  ( 12.61999999999999922, 3.499999999999996003, 14.90000000000000036 ) ) ;
#1235 = CIRCLE ( 'NONE', #1691, 2.250000000000001776 ) ;
#1236 = VECTOR ( 'NONE', #1157, 1000.000000000000000 ) ;
#1237 = DIRECTION ( 'NONE',  ( -8.673617379884035472E-15, 1.000000000000000000, 0.000000000000000000 ) ) ;
#1238 = CARTESIAN_POINT ( 'NONE',  ( 0.000000000000000000, 34.79999999999999716, 19.14999999999999858 ) ) ;
#1239 = AXIS2_PLACEMENT_3D ( 'NONE', #2141, #1553, #234 ) ;
#1240 = AXIS2_PLACEMENT_3D ( 'NONE', #481, #1211, #960 ) ;
#1241 = VECTOR ( 'NONE', #2003, 1000.000000000000000 ) ;
#1242 = ORIENTED_EDGE ( 'NONE', *, *, #859, .T. ) ;
#1243 = VECTOR ( 'NONE', #237, 1000.000000000000000 ) ;
#1244 = ORIENTED_EDGE ( 'NONE', *, *, #1464, .F. ) ;
#1245 = AXIS2_PLACEMENT_3D ( 'NONE', #2189, #170, #1415 ) ;
#1246 = EDGE_CURVE ( 'NONE', #668, #184, #1621, .T. ) ;
#1247 = CARTESIAN_POINT ( 'NONE',  ( 47.52999999999999403, 3.499999999999996003, 14.90000000000000036 ) ) ;
#1248 = CARTESIAN_POINT ( 'NONE',  ( 56.89999999999999147, 40.70000000000000284, 4.900000000000000355 ) ) ;
#1249 = FACE_OUTER_BOUND ( 'NONE', #418, .T. ) ;
#1250 = CYLINDRICAL_SURFACE ( 'NONE', #1078, 1.100000000000000311 ) ;
#1251 = DIRECTION ( 'NONE',  ( 0.000000000000000000, 0.000000000000000000, -1.000000000000000000 ) ) ;
#1252 = DIRECTION ( 'NONE',  ( -1.000000000000000000, 0.000000000000000000, 0.000000000000000000 ) ) ;
#1253 = ORIENTED_EDGE ( 'NONE', *, *, #1845, .T. ) ;
#1254 = ORIENTED_EDGE ( 'NONE', *, *, #1276, .T. ) ;
#1255 = EDGE_CURVE ( 'NONE', #1021, #1924, #41, .T. ) ;
#1256 = DIRECTION ( 'NONE',  ( 0.000000000000000000, 1.000000000000000000, 0.000000000000000000 ) ) ;
#1257 = CARTESIAN_POINT ( 'NONE',  ( 56.34999999999999432, 5.999999999999994671, 4.900000000000000355 ) ) ;
#1258 = LINE ( 'NONE', #348, #40 ) ;
#1259 = LINE ( 'NONE', #529, #956 ) ;
#1260 = CARTESIAN_POINT ( 'NONE',  ( 53.84999999999998010, 34.79999999999999716, 3.499999999999999556 ) ) ;
#1261 = EDGE_LOOP ( 'NONE', ( #642, #713, #688, #2247 ) ) ;
#1262 = VECTOR ( 'NONE', #768, 1000.000000000000000 ) ;
#1263 = PLANE ( 'NONE',  #389 ) ;
#1264 = DIRECTION ( 'NONE',  ( -1.000000000000000000, 0.000000000000000000, 0.000000000000000000 ) ) ;
#1265 = DIRECTION ( 'NONE',  ( -0.000000000000000000, -0.000000000000000000, 1.000000000000000000 ) ) ;
#1266 =( LENGTH_UNIT ( ) NAMED_UNIT ( * ) SI_UNIT ( .MILLI., .METRE. ) );
#1267 = EDGE_CURVE ( 'NONE', #1615, #89, #2181, .T. ) ;
#1268 = ADVANCED_FACE ( 'NONE', ( #175 ), #696, .T. ) ;
#1269 = CYLINDRICAL_SURFACE ( 'NONE', #1617, 1.100000000000003642 ) ;
#1270 = DIRECTION ( 'NONE',  ( -1.000000000000000000, 0.000000000000000000, 0.000000000000000000 ) ) ;
#1271 = AXIS2_PLACEMENT_3D ( 'NONE', #387, #163, #1637 ) ;
#1272 = AXIS2_PLACEMENT_3D ( 'NONE', #2150, #1960, #305 ) ;
#1273 = AXIS2_PLACEMENT_3D ( 'NONE', #1817, #300, #2195 ) ;
#1274 = EDGE_LOOP ( 'NONE', ( #1362, #976, #1456, #454 ) ) ;
#1275 = AXIS2_PLACEMENT_3D ( 'NONE', #504, #1237, #686 ) ;
#1276 = EDGE_CURVE ( 'NONE', #992, #727, #1638, .T. ) ;
#1277 = CARTESIAN_POINT ( 'NONE',  ( 47.52999999999999403, 37.19999999999999574, 14.90000000000000036 ) ) ;
#1278 = LINE ( 'NONE', #930, #236 ) ;
#1279 = ORIENTED_EDGE ( 'NONE', *, *, #557, .T. ) ;
#1280 = DIRECTION ( 'NONE',  ( -1.000000000000000000, 0.000000000000000000, -0.000000000000000000 ) ) ;
#1281 = CARTESIAN_POINT ( 'NONE',  ( 56.34999999999999432, 26.12999999999999190, 12.90000000000000036 ) ) ;
#1282 = VERTEX_POINT ( 'NONE', #1128 ) ;
#1283 = DIRECTION ( 'NONE',  ( -0.000000000000000000, -0.000000000000000000, 1.000000000000000000 ) ) ;
#1284 = EDGE_CURVE ( 'NONE', #590, #2069, #1629, .T. ) ;
#1285 = ORIENTED_EDGE ( 'NONE', *, *, #2109, .F. ) ;
#1286 = CARTESIAN_POINT ( 'NONE',  ( 6.549999999999999822, 34.69999999999999574, 19.14999999999999858 ) ) ;
#1287 = DIRECTION ( 'NONE',  ( -0.000000000000000000, -0.000000000000000000, 1.000000000000000000 ) ) ;
#1288 = ORIENTED_EDGE ( 'NONE', *, *, #1858, .T. ) ;
#1289 = CARTESIAN_POINT ( 'NONE',  ( 15.11999999999999922, 3.499999999999996003, 12.90000000000000036 ) ) ;
#1290 = CARTESIAN_POINT ( 'NONE',  ( 4.049999999999999822, 3.499999999999996003, 4.900000000000000355 ) ) ;
#1291 = EDGE_CURVE ( 'NONE', #1825, #1856, #1278, .T. ) ;
#1292 = LINE ( 'NONE', #417, #1701 ) ;
#1293 = ORIENTED_EDGE ( 'NONE', *, *, #1639, .F. ) ;
#1294 = ADVANCED_FACE ( 'NONE', ( #1496 ), #2047, .F. ) ;
#1295 = EDGE_CURVE ( 'NONE', #1137, #57, #724, .T. ) ;
#1296 = ORIENTED_EDGE ( 'NONE', *, *, #1656, .T. ) ;
#1297 = CYLINDRICAL_SURFACE ( 'NONE', #1271, 3.500000000000003109 ) ;
#1298 = CARTESIAN_POINT ( 'NONE',  ( 0.000000000000000000, 4.899999999999995914, 2.500000000000000888 ) ) ;
#1299 = EDGE_LOOP ( 'NONE', ( #955, #1293, #2114, #1141 ) ) ;
#1300 = EDGE_CURVE ( 'NONE', #1924, #1179, #2037, .T. ) ;
#1301 = DIRECTION ( 'NONE',  ( 0.000000000000000000, 0.000000000000000000, -1.000000000000000000 ) ) ;
#1302 = FACE_OUTER_BOUND ( 'NONE', #1261, .T. ) ;
#1303 = CARTESIAN_POINT ( 'NONE',  ( 56.59999999999999432, 28.37999999999999545, 12.90000000000000036 ) ) ;
#1304 = ORIENTED_EDGE ( 'NONE', *, *, #196, .F. ) ;
#1305 = AXIS2_PLACEMENT_3D ( 'NONE', #707, #896, #683 ) ;
#1306 = AXIS2_PLACEMENT_3D ( 'NONE', #520, #712, #1252 ) ;
#1307 = TOROIDAL_SURFACE ( 'NONE', #279, 0.2500000000000014988, 2.000000000000000000 ) ;
#1308 = CIRCLE ( 'NONE', #280, 2.250000000000001776 ) ;
#1309 = VECTOR ( 'NONE', #1105, 1000.000000000000000 ) ;
#1310 = AXIS2_PLACEMENT_3D ( 'NONE', #839, #865, #1058 ) ;
#1311 = VERTEX_POINT ( 'NONE', #2225 ) ;
#1312 = DIRECTION ( 'NONE',  ( 0.000000000000000000, 0.000000000000000000, 1.000000000000000000 ) ) ;
#1313 = DIRECTION ( 'NONE',  ( 1.000000000000000000, 0.000000000000000000, 0.000000000000000000 ) ) ;
#1314 = ORIENTED_EDGE ( 'NONE', *, *, #1016, .T. ) ;
#1315 = AXIS2_PLACEMENT_3D ( 'NONE', #1429, #2006, #1270 ) ;
#1316 = DIRECTION ( 'NONE',  ( 0.000000000000000000, -1.000000000000000000, 0.000000000000000000 ) ) ;
#1317 = CARTESIAN_POINT ( 'NONE',  ( 56.34999999999999432, 34.69999999999999574, 19.14999999999999858 ) ) ;
#1318 = ORIENTED_EDGE ( 'NONE', *, *, #2120, .F. ) ;
#1319 = CARTESIAN_POINT ( 'NONE',  ( 0.000000000000000000, 0.000000000000000000, 4.900000000000000355 ) ) ;
#1320 = LINE ( 'NONE', #1880, #957 ) ;
#1321 = ORIENTED_EDGE ( 'NONE', *, *, #141, .T. ) ;
#1322 = CARTESIAN_POINT ( 'NONE',  ( 12.86999999999999922, 3.499999999999996003, 4.900000000000000355 ) ) ;
#1323 = CARTESIAN_POINT ( 'NONE',  ( 56.59999999999999432, 12.31999999999999673, 12.90000000000000036 ) ) ;
#1324 = EDGE_CURVE ( 'NONE', #1437, #584, #2138, .T. ) ;
#1325 = DIRECTION ( 'NONE',  ( 1.000000000000000000, 0.000000000000000000, 0.000000000000000000 ) ) ;
#1326 = ORIENTED_EDGE ( 'NONE', *, *, #176, .T. ) ;
#1327 = VERTEX_POINT ( 'NONE', #2386 ) ;
#1328 = CARTESIAN_POINT ( 'NONE',  ( 4.049999999999999822, 3.499999999999996003, 14.90000000000000036 ) ) ;
#1329 = LINE ( 'NONE', #437, #853 ) ;
#1330 = EDGE_LOOP ( 'NONE', ( #1675, #593, #1951, #288 ) ) ;
#1331 = CARTESIAN_POINT ( 'NONE',  ( 56.89999999999999147, 38.29999999999999716, 2.399999999999999911 ) ) ;
#1332 = DIRECTION ( 'NONE',  ( -1.000000000000000000, 0.000000000000000000, 0.000000000000000000 ) ) ;
#1333 = ADVANCED_FACE ( 'NONE', ( #2249 ), #402, .T. ) ;
#1334 = EDGE_CURVE ( 'NONE', #1218, #2325, #919, .T. ) ;
#1335 = CARTESIAN_POINT ( 'NONE',  ( 12.86999999999999922, 3.499999999999996003, 12.90000000000000036 ) ) ;
#1336 = CARTESIAN_POINT ( 'NONE',  ( 0.000000000000000000, 4.899999999999995914, 3.500000000000000888 ) ) ;
#1337 = ORIENTED_EDGE ( 'NONE', *, *, #246, .T. ) ;
#1338 = ORIENTED_EDGE ( 'NONE', *, *, #1671, .F. ) ;
#1339 = VECTOR ( 'NONE', #959, 1000.000000000000000 ) ;
#1340 = EDGE_CURVE ( 'NONE', #1166, #1898, #559, .T. ) ;
#1341 = DIRECTION ( 'NONE',  ( 0.000000000000000000, 1.000000000000000000, 0.000000000000000000 ) ) ;
#1342 = DIRECTION ( 'NONE',  ( -0.000000000000000000, -0.000000000000000000, -1.000000000000000000 ) ) ;
#1343 = VECTOR ( 'NONE', #519, 1000.000000000000000 ) ;
#1344 = ORIENTED_EDGE ( 'NONE', *, *, #1417, .T. ) ;
#1345 = CIRCLE ( 'NONE', #2180, 3.500000000000003109 ) ;
#1346 = VECTOR ( 'NONE', #1163, 1000.000000000000000 ) ;
#1347 = ORIENTED_EDGE ( 'NONE', *, *, #1358, .T. ) ;
#1348 = CIRCLE ( 'NONE', #429, 0.2500000000000002220 ) ;
#1349 = VECTOR ( 'NONE', #1709, 1000.000000000000000 ) ;
#1350 = ORIENTED_EDGE ( 'NONE', *, *, #2391, .T. ) ;
#1351 = CARTESIAN_POINT ( 'NONE',  ( 58.60000000000000142, 12.31999999999999673, 12.90000000000000036 ) ) ;
#1352 = CARTESIAN_POINT ( 'NONE',  ( 49.78000000000000114, 3.499999999999996003, 4.900000000000000355 ) ) ;
#1353 = EDGE_CURVE ( 'NONE', #33, #737, #2395, .T. ) ;
#1354 = VECTOR ( 'NONE', #186, 1000.000000000000000 ) ;
#1355 = DIRECTION ( 'NONE',  ( -1.000000000000000000, 0.000000000000000000, 0.000000000000000000 ) ) ;
#1356 = DIRECTION ( 'NONE',  ( 1.000000000000000000, 0.000000000000000000, 0.000000000000000000 ) ) ;
#1357 = ORIENTED_EDGE ( 'NONE', *, *, #2168, .T. ) ;
#1358 = EDGE_CURVE ( 'NONE', #643, #255, #2208, .T. ) ;
#1359 = DIRECTION ( 'NONE',  ( 0.000000000000000000, -1.000000000000000000, 0.000000000000000000 ) ) ;
#1360 = CARTESIAN_POINT ( 'NONE',  ( 53.84999999999998010, 5.899999999999995914, 19.14999999999999858 ) ) ;
#1361 = VERTEX_POINT ( 'NONE', #1839 ) ;
#1362 = ORIENTED_EDGE ( 'NONE', *, *, #1063, .F. ) ;
#1363 = ORIENTED_EDGE ( 'NONE', *, *, #702, .T. ) ;
#1364 = CARTESIAN_POINT ( 'NONE',  ( 53.84999999999998010, 35.79999999999999716, 3.500000000000000888 ) ) ;
#1365 = DIRECTION ( 'NONE',  ( 0.000000000000000000, 0.000000000000000000, 1.000000000000000000 ) ) ;
#1366 = DIRECTION ( 'NONE',  ( 0.000000000000000000, 0.000000000000000000, -1.000000000000000000 ) ) ;
#1367 = LINE ( 'NONE', #1763, #1984 ) ;
#1368 = ORIENTED_EDGE ( 'NONE', *, *, #141, .F. ) ;
#1369 = VERTEX_POINT ( 'NONE', #379 ) ;
#1370 = ADVANCED_FACE ( 'NONE', ( #2238 ), #1119, .T. ) ;
#1371 = ADVANCED_FACE ( 'NONE', ( #1860 ), #1713, .T. ) ;
#1372 = CARTESIAN_POINT ( 'NONE',  ( 53.84999999999984510, 4.899999999999995026, 3.499999999999999556 ) ) ;
#1373 = ORIENTED_EDGE ( 'NONE', *, *, #2171, .F. ) ;
#1374 = ORIENTED_EDGE ( 'NONE', *, *, #2149, .F. ) ;
#1375 = DIRECTION ( 'NONE',  ( 0.000000000000000000, 1.000000000000000000, 0.000000000000000000 ) ) ;
#1376 = DIRECTION ( 'NONE',  ( 1.000000000000000000, 0.000000000000000000, 0.000000000000000000 ) ) ;
#1377 = FACE_OUTER_BOUND ( 'NONE', #1330, .T. ) ;
#1378 = CARTESIAN_POINT ( 'NONE',  ( 4.049999999999999822, 10.06999999999999496, 12.90000000000000036 ) ) ;
#1379 = DIRECTION ( 'NONE',  ( 0.000000000000000000, 0.000000000000000000, 1.000000000000000000 ) ) ;
#1380 = EDGE_LOOP ( 'NONE', ( #989, #971, #1567, #873, #1344, #1579, #1203, #1569, #15, #964, #1595, #124, #1126, #1919, #1066, #1914, #2313, #1670, #225, #2244, #1549, #2023, #1074, #776, #2129, #2221 ) ) ;
#1381 = CARTESIAN_POINT ( 'NONE',  ( 57.99999999999999289, 3.500000000000000000, 2.399999999999999911 ) ) ;
#1382 = CARTESIAN_POINT ( 'NONE',  ( 47.52999999999999403, 37.19999999999999574, 12.90000000000000036 ) ) ;
#1383 = EDGE_LOOP ( 'NONE', ( #1357, #1881, #1878, #1242 ) ) ;
#1384 = CIRCLE ( 'NONE', #1818, 0.2500000000000002220 ) ;
#1385 = ORIENTED_EDGE ( 'NONE', *, *, #125, .T. ) ;
#1386 = AXIS2_PLACEMENT_3D ( 'NONE', #1652, #2046, #361 ) ;
#1387 = AXIS2_PLACEMENT_3D ( 'NONE', #2242, #373, #909 ) ;
#1388 = LINE ( 'NONE', #490, #2370 ) ;
#1389 = DIRECTION ( 'NONE',  ( 0.000000000000000000, 0.000000000000000000, 1.000000000000000000 ) ) ;
#1390 = LINE ( 'NONE', #2143, #1000 ) ;
#1391 = EDGE_CURVE ( 'NONE', #1913, #1399, #2301, .T. ) ;
#1392 = AXIS2_PLACEMENT_3D ( 'NONE', #1439, #189, #522 ) ;
#1393 = AXIS2_PLACEMENT_3D ( 'NONE', #480, #139, #2363 ) ;
#1394 = DIRECTION ( 'NONE',  ( 1.000000000000000000, 0.000000000000000000, 0.000000000000000000 ) ) ;
#1395 = FACE_OUTER_BOUND ( 'NONE', #216, .T. ) ;
#1396 = VERTEX_POINT ( 'NONE', #1360 ) ;
#1397 = DIRECTION ( 'NONE',  ( 0.000000000000000000, 0.000000000000000000, 1.000000000000000000 ) ) ;
#1398 = ORIENTED_EDGE ( 'NONE', *, *, #252, .T. ) ;
#1399 = VERTEX_POINT ( 'NONE', #2098 ) ;
#1400 = VERTEX_POINT ( 'NONE', #243 ) ;
#1401 = CARTESIAN_POINT ( 'NONE',  ( 0.000000000000000000, 38.29999999999999716, 2.399999999999999911 ) ) ;
#1402 = DIRECTION ( 'NONE',  ( -0.000000000000000000, -0.000000000000000000, 1.000000000000000000 ) ) ;
#1403 = EDGE_CURVE ( 'NONE', #1532, #1647, #1320, .T. ) ;
#1404 = CARTESIAN_POINT ( 'NONE',  ( 4.049999999999999822, 12.06999999999999496, 14.90000000000000036 ) ) ;
#1405 = CARTESIAN_POINT ( 'NONE',  ( 53.84999999999999432, 34.69999999999999574, 19.14999999999999858 ) ) ;
#1406 = ORIENTED_EDGE ( 'NONE', *, *, #1255, .F. ) ;
#1407 = ORIENTED_EDGE ( 'NONE', *, *, #1875, .F. ) ;
#1408 = CARTESIAN_POINT ( 'NONE',  ( 4.049999999999999822, 5.999999999999995559, 4.900000000000000355 ) ) ;
#1409 = SURFACE_STYLE_FILL_AREA ( #1568 ) ;
#1410 = VERTEX_POINT ( 'NONE', #1557 ) ;
#1411 = DIRECTION ( 'NONE',  ( 1.000000000000000000, 0.000000000000000000, 0.000000000000000000 ) ) ;
#1412 = CARTESIAN_POINT ( 'NONE',  ( 53.84999999999999432, 5.999999999999994671, 19.14999999999999858 ) ) ;
#1413 = FACE_OUTER_BOUND ( 'NONE', #826, .T. ) ;
#1414 = CARTESIAN_POINT ( 'NONE',  ( 0.000000000000000000, 35.79999999999999716, 2.500000000000000888 ) ) ;
#1415 = DIRECTION ( 'NONE',  ( 1.000000000000000000, 0.000000000000000000, 0.000000000000000000 ) ) ;
#1416 = ORIENTED_EDGE ( 'NONE', *, *, #1295, .F. ) ;
#1417 = EDGE_CURVE ( 'NONE', #1186, #33, #1152, .T. ) ;
#1418 = ORIENTED_EDGE ( 'NONE', *, *, #821, .T. ) ;
#1419 = FACE_OUTER_BOUND ( 'NONE', #673, .T. ) ;
#1420 = FILL_AREA_STYLE_COLOUR ( '', #1041 ) ;
#1421 = EDGE_CURVE ( 'NONE', #58, #2349, #393, .T. ) ;
#1422 = EDGE_CURVE ( 'NONE', #1711, #828, #2080, .T. ) ;
#1423 = CARTESIAN_POINT ( 'NONE',  ( 13.11999999999999922, 3.499999999999996003, 12.90000000000000036 ) ) ;
#1424 = CARTESIAN_POINT ( 'NONE',  ( 56.89999999999999147, 3.500000000000000000, 4.900000000000000355 ) ) ;
#1425 = CARTESIAN_POINT ( 'NONE',  ( 6.549999999999998046, 4.899999999999995914, 3.500000000000000888 ) ) ;
#1426 = AXIS2_PLACEMENT_3D ( 'NONE', #1453, #148, #2201 ) ;
#1427 = CIRCLE ( 'NONE', #2291, 3.500000000000003109 ) ;
#1428 = CARTESIAN_POINT ( 'NONE',  ( 53.84999999999999432, 5.999999999999994671, 2.500000000000000888 ) ) ;
#1429 = CARTESIAN_POINT ( 'NONE',  ( 3.500000000000000000, 37.19999999999999574, 0.000000000000000000 ) ) ;
#1430 = EDGE_CURVE ( 'NONE', #570, #1164, #978, .T. ) ;
#1431 = CIRCLE ( 'NONE', #1239, 3.500000000000000000 ) ;
#1432 = AXIS2_PLACEMENT_3D ( 'NONE', #74, #1551, #607 ) ;
#1433 = CIRCLE ( 'NONE', #1591, 2.500000000000002220 ) ;
#1434 = EDGE_CURVE ( 'NONE', #422, #83, #1201, .T. ) ;
#1435 = ORIENTED_EDGE ( 'NONE', *, *, #2214, .F. ) ;
#1436 = VECTOR ( 'NONE', #1187, 1000.000000000000000 ) ;
#1437 = VERTEX_POINT ( 'NONE', #1518 ) ;
#1438 = AXIS2_PLACEMENT_3D ( 'NONE', #1405, #530, #342 ) ;
#1439 = CARTESIAN_POINT ( 'NONE',  ( 4.049999999999998046, 28.37999999999999545, 12.90000000000000036 ) ) ;
#1440 = DIRECTION ( 'NONE',  ( 1.000000000000000000, 0.000000000000000000, 0.000000000000000000 ) ) ;
#1441 = FACE_OUTER_BOUND ( 'NONE', #605, .T. ) ;
#1442 = CYLINDRICAL_SURFACE ( 'NONE', #229, 2.250000000000000888 ) ;
#1443 = DIRECTION ( 'NONE',  ( -0.000000000000000000, 0.000000000000000000, 1.000000000000000000 ) ) ;
#1444 = CARTESIAN_POINT ( 'NONE',  ( 6.449999999999999289, 34.69999999999998863, 19.14999999999999858 ) ) ;
#1445 = LINE ( 'NONE', #2388, #1659 ) ;
#1446 = CARTESIAN_POINT ( 'NONE',  ( 4.049999999999999822, 37.19999999999999574, 14.90000000000000036 ) ) ;
#1447 = DIRECTION ( 'NONE',  ( -1.000000000000000000, 0.000000000000000000, 0.000000000000000000 ) ) ;
#1448 = ORIENTED_EDGE ( 'NONE', *, *, #2174, .T. ) ;
#1449 = ORIENTED_EDGE ( 'NONE', *, *, #596, .F. ) ;
#1450 = EDGE_CURVE ( 'NONE', #251, #267, #227, .T. ) ;
#1451 = EDGE_CURVE ( 'NONE', #881, #2069, #1665, .T. ) ;
#1452 = EDGE_CURVE ( 'NONE', #759, #679, #513, .T. ) ;
#1453 = CARTESIAN_POINT ( 'NONE',  ( 56.89999999999999147, 3.500000000000000000, 4.900000000000000355 ) ) ;
#1454 = CARTESIAN_POINT ( 'NONE',  ( 6.449999999999999289, 0.000000000000000000, 19.14999999999999858 ) ) ;
#1455 = DIRECTION ( 'NONE',  ( -0.000000000000000000, 0.000000000000000000, -1.000000000000000000 ) ) ;
#1456 = ORIENTED_EDGE ( 'NONE', *, *, #1047, .F. ) ;
#1457 = LINE ( 'NONE', #330, #765 ) ;
#1458 = CARTESIAN_POINT ( 'NONE',  ( 6.449999999999999289, 34.69999999999998863, 19.14999999999999858 ) ) ;
#1459 = EDGE_CURVE ( 'NONE', #982, #2261, #1175, .T. ) ;
#1460 = VERTEX_POINT ( 'NONE', #1686 ) ;
#1461 = DIRECTION ( 'NONE',  ( 0.000000000000000000, -1.000000000000000000, 0.000000000000000000 ) ) ;
#1462 = CARTESIAN_POINT ( 'NONE',  ( 56.89999999999999147, 37.19999999999999574, 2.500000000000000888 ) ) ;
#1463 = CARTESIAN_POINT ( 'NONE',  ( 53.84999999999999432, 34.69999999999999574, 19.14999999999999858 ) ) ;
#1464 = EDGE_CURVE ( 'NONE', #1497, #184, #1826, .T. ) ;
#1465 = CARTESIAN_POINT ( 'NONE',  ( 0.000000000000000000, 0.000000000000000000, 0.000000000000000000 ) ) ;
#1466 = LINE ( 'NONE', #1490, #38 ) ;
#1467 = CLOSED_SHELL ( 'NONE', ( #482, #2038, #2293, #1160, #59, #2032, #1792, #96, #1560, #1477, #376, #564, #585, #416, #95, #938, #1633, #1988, #2196, #66, #257, #1925, #2039, #783, #2246, #1142, #2160, #1371, #1017, #2044, #1561, #981, #2321, #304, #241, #2392, #837, #1120, #895, #2145, #1294, #757, #206, #670, #1655, #126, #2275, #1185, #2286, #1115, #272, #476, #1605, #552, #834, #320, #2075, #782, #1370, #1716, #1268, #2200, #273, #812, #1208, #1583, #623, #1861, #1775, #2089, #1228, #2184, #1098, #1333, #1909 ) ) ;
#1468 = CIRCLE ( 'NONE', #651, 0.2500000000000002220 ) ;
#1469 = CIRCLE ( 'NONE', #1586, 2.250000000000001776 ) ;
#1470 = ORIENTED_EDGE ( 'NONE', *, *, #2171, .T. ) ;
#1471 = AXIS2_PLACEMENT_3D ( 'NONE', #1833, #2398, #3 ) ;
#1472 = VECTOR ( 'NONE', #309, 1000.000000000000000 ) ;
#1473 = VECTOR ( 'NONE', #2348, 1000.000000000000000 ) ;
#1474 = ORIENTED_EDGE ( 'NONE', *, *, #1227, .F. ) ;
#1475 = CARTESIAN_POINT ( 'NONE',  ( 4.049999999999999822, 12.56999999999999673, 12.90000000000000036 ) ) ;
#1476 = DIRECTION ( 'NONE',  ( 0.000000000000000000, 0.000000000000000000, -1.000000000000000000 ) ) ;
#1477 = ADVANCED_FACE ( 'NONE', ( #1725 ), #592, .F. ) ;
#1478 = DIRECTION ( 'NONE',  ( 0.000000000000000000, 0.000000000000000000, 1.000000000000000000 ) ) ;
#1479 = CARTESIAN_POINT ( 'NONE',  ( 6.549999999999998046, 5.899999999999995914, 19.14999999999999858 ) ) ;
#1480 = EDGE_CURVE ( 'NONE', #404, #1721, #32, .T. ) ;
#1481 = EDGE_CURVE ( 'NONE', #814, #1410, #1542, .T. ) ;
#1482 = CARTESIAN_POINT ( 'NONE',  ( 47.52999999999999403, 3.499999999999996003, 4.900000000000001243 ) ) ;
#1483 = ORIENTED_EDGE ( 'NONE', *, *, #2101, .F. ) ;
#1484 = ORIENTED_EDGE ( 'NONE', *, *, #190, .F. ) ;
#1485 = LINE ( 'NONE', #1082, #2403 ) ;
#1486 = DIRECTION ( 'NONE',  ( -0.000000000000000000, -0.000000000000000000, 1.000000000000000000 ) ) ;
#1487 = DIRECTION ( 'NONE',  ( 0.000000000000000000, 0.000000000000000000, 1.000000000000000000 ) ) ;
#1488 = ORIENTED_EDGE ( 'NONE', *, *, #665, .F. ) ;
#1489 = DIRECTION ( 'NONE',  ( 0.000000000000000000, 0.000000000000000000, -1.000000000000000000 ) ) ;
#1490 = CARTESIAN_POINT ( 'NONE',  ( 4.049999999999999822, 3.499999999999996003, 14.90000000000000036 ) ) ;
#1491 = LINE ( 'NONE', #771, #2096 ) ;
#1492 = EDGE_CURVE ( 'NONE', #558, #2078, #1329, .T. ) ;
#1493 = ORIENTED_EDGE ( 'NONE', *, *, #1521, .F. ) ;
#1494 = ORIENTED_EDGE ( 'NONE', *, *, #2144, .T. ) ;
#1495 = FACE_OUTER_BOUND ( 'NONE', #2199, .T. ) ;
#1496 = FACE_OUTER_BOUND ( 'NONE', #937, .T. ) ;
#1497 = VERTEX_POINT ( 'NONE', #1742 ) ;
#1498 = DIRECTION ( 'NONE',  ( 0.000000000000000000, 0.000000000000000000, -1.000000000000000000 ) ) ;
#1499 = CARTESIAN_POINT ( 'NONE',  ( 56.89999999999999147, 3.500000000000000000, 4.900000000000000355 ) ) ;
#1500 = EDGE_CURVE ( 'NONE', #2234, #1802, #2071, .T. ) ;
#1501 = PLANE ( 'NONE',  #657 ) ;
#1502 = ORIENTED_EDGE ( 'NONE', *, *, #350, .F. ) ;
#1503 = VECTOR ( 'NONE', #321, 1000.000000000000000 ) ;
#1504 = CIRCLE ( 'NONE', #1245, 2.250000000000001776 ) ;
#1505 = TOROIDAL_SURFACE ( 'NONE', #1392, 0.2500000000000014988, 2.000000000000000000 ) ;
#1506 = CIRCLE ( 'NONE', #1977, 2.250000000000001776 ) ;
#1507 = VECTOR ( 'NONE', #1265, 1000.000000000000000 ) ;
#1508 = AXIS2_PLACEMENT_3D ( 'NONE', #658, #1397, #2151 ) ;
#1509 = DIRECTION ( 'NONE',  ( 1.000000000000000000, 0.000000000000000000, 0.000000000000000000 ) ) ;
#1510 = CARTESIAN_POINT ( 'NONE',  ( 53.94999999999999574, 3.499999999999996003, 3.499999999999999556 ) ) ;
#1511 =( NAMED_UNIT ( * ) PLANE_ANGLE_UNIT ( ) SI_UNIT ( $, .RADIAN. ) );
#1512 = VERTEX_POINT ( 'NONE', #2361 ) ;
#1513 = FACE_OUTER_BOUND ( 'NONE', #1004, .T. ) ;
#1514 = DIRECTION ( 'NONE',  ( 0.000000000000000000, 1.000000000000000000, 0.000000000000000000 ) ) ;
#1515 = CARTESIAN_POINT ( 'NONE',  ( 4.049999999999999822, 30.62999999999999901, 4.900000000000000355 ) ) ;
#1516 = ORIENTED_EDGE ( 'NONE', *, *, #1070, .F. ) ;
#1517 = DIRECTION ( 'NONE',  ( 1.000000000000000000, 0.000000000000000000, 0.000000000000000000 ) ) ;
#1518 = CARTESIAN_POINT ( 'NONE',  ( 56.34999999999999432, 34.69999999999999574, 19.14999999999999858 ) ) ;
#1519 = ORIENTED_EDGE ( 'NONE', *, *, #1990, .T. ) ;
#1520 = VERTEX_POINT ( 'NONE', #2323 ) ;
#1521 = EDGE_CURVE ( 'NONE', #1898, #814, #127, .T. ) ;
#1522 = EDGE_CURVE ( 'NONE', #1755, #827, #886, .T. ) ;
#1523 = CARTESIAN_POINT ( 'NONE',  ( 45.27999999999999403, 3.499999999999996003, 12.90000000000000036 ) ) ;
#1524 = DIRECTION ( 'NONE',  ( 1.000000000000000000, 0.000000000000000000, 0.000000000000000000 ) ) ;
#1525 = DIRECTION ( 'NONE',  ( 1.000000000000000000, 0.000000000000000000, 0.000000000000000000 ) ) ;
#1526 = CARTESIAN_POINT ( 'NONE',  ( 0.000000000000000000, 2.399999999999999911, 2.399999999999999911 ) ) ;
#1527 = ORIENTED_EDGE ( 'NONE', *, *, #2028, .F. ) ;
#1528 = LINE ( 'NONE', #1910, #1584 ) ;
#1529 = DIRECTION ( 'NONE',  ( 0.000000000000000000, 1.000000000000000000, 0.000000000000000000 ) ) ;
#1530 = ORIENTED_EDGE ( 'NONE', *, *, #716, .T. ) ;
#1531 = ORIENTED_EDGE ( 'NONE', *, *, #9, .T. ) ;
#1532 = VERTEX_POINT ( 'NONE', #121 ) ;
#1533 = CARTESIAN_POINT ( 'NONE',  ( 4.049999999999999822, 37.19999999999999574, 4.900000000000000355 ) ) ;
#1534 = FACE_OUTER_BOUND ( 'NONE', #2048, .T. ) ;
#1535 = EDGE_CURVE ( 'NONE', #982, #2261, #917, .T. ) ;
#1536 = CARTESIAN_POINT ( 'NONE',  ( 47.77999999999999403, 3.499999999999996003, 12.90000000000000036 ) ) ;
#1537 = CARTESIAN_POINT ( 'NONE',  ( 10.61999999999999922, 3.499999999999996003, 14.90000000000000036 ) ) ;
#1538 = EDGE_LOOP ( 'NONE', ( #458, #2309 ) ) ;
#1539 = AXIS2_PLACEMENT_3D ( 'NONE', #1541, #1145, #1509 ) ;
#1540 = AXIS2_PLACEMENT_3D ( 'NONE', #2158, #352, #1821 ) ;
#1541 = CARTESIAN_POINT ( 'NONE',  ( 12.86999999999999922, 37.19999999999999574, 12.90000000000000036 ) ) ;
#1542 = LINE ( 'NONE', #1510, #770 ) ;
#1543 = AXIS2_PLACEMENT_3D ( 'NONE', #1319, #436, #2248 ) ;
#1544 = ORIENTED_EDGE ( 'NONE', *, *, #356, .T. ) ;
#1545 = AXIS2_PLACEMENT_3D ( 'NONE', #2116, #456, #1706 ) ;
#1546 = AXIS2_PLACEMENT_3D ( 'NONE', #1210, #1389, #1588 ) ;
#1547 = ORIENTED_EDGE ( 'NONE', *, *, #1334, .T. ) ;
#1548 = VECTOR ( 'NONE', #1283, 1000.000000000000000 ) ;
#1549 = ORIENTED_EDGE ( 'NONE', *, *, #67, .F. ) ;
#1550 = DIRECTION ( 'NONE',  ( 0.000000000000000000, 0.000000000000000000, 1.000000000000000000 ) ) ;
#1551 = DIRECTION ( 'NONE',  ( 0.000000000000000000, 0.000000000000000000, 1.000000000000000000 ) ) ;
#1552 = VECTOR ( 'NONE', #2383, 1000.000000000000000 ) ;
#1553 = DIRECTION ( 'NONE',  ( 0.000000000000000000, 0.000000000000000000, -1.000000000000000000 ) ) ;
#1554 = CARTESIAN_POINT ( 'NONE',  ( 56.89999999999999147, 40.70000000000000284, 0.000000000000000000 ) ) ;
#1555 = ORIENTED_EDGE ( 'NONE', *, *, #1246, .T. ) ;
#1556 = EDGE_CURVE ( 'NONE', #1497, #2284, #1803, .T. ) ;
#1557 = CARTESIAN_POINT ( 'NONE',  ( 53.94999999999999574, 5.999999999999993783, 3.499999999999999556 ) ) ;
#1558 = VERTEX_POINT ( 'NONE', #1974 ) ;
#1559 = ORIENTED_EDGE ( 'NONE', *, *, #319, .T. ) ;
#1560 = ADVANCED_FACE ( 'NONE', ( #854 ), #1045, .F. ) ;
#1561 = ADVANCED_FACE ( 'NONE', ( #306 ), #1961, .F. ) ;
#1562 = ORIENTED_EDGE ( 'NONE', *, *, #2020, .F. ) ;
#1563 = CARTESIAN_POINT ( 'NONE',  ( 3.500000000000000000, 0.000000000000000000, 4.900000000000000355 ) ) ;
#1564 = DIRECTION ( 'NONE',  ( -1.000000000000000000, 0.000000000000000000, 0.000000000000000000 ) ) ;
#1565 = DIRECTION ( 'NONE',  ( 1.000000000000000000, 0.000000000000000000, -0.000000000000000000 ) ) ;
#1566 = CARTESIAN_POINT ( 'NONE',  ( 53.84999999999999432, 5.999999999999994671, 3.499999999999999556 ) ) ;
#1567 = ORIENTED_EDGE ( 'NONE', *, *, #415, .F. ) ;
#1568 = FILL_AREA_STYLE ('',( #1420 ) ) ;
#1569 = ORIENTED_EDGE ( 'NONE', *, *, #125, .F. ) ;
#1570 = ORIENTED_EDGE ( 'NONE', *, *, #496, .F. ) ;
#1571 = ORIENTED_EDGE ( 'NONE', *, *, #381, .F. ) ;
#1572 = DIRECTION ( 'NONE',  ( 0.000000000000000000, 0.000000000000000000, -1.000000000000000000 ) ) ;
#1573 = LINE ( 'NONE', #2105, #1695 ) ;
#1574 = DIRECTION ( 'NONE',  ( 0.000000000000000000, 0.000000000000000000, 1.000000000000000000 ) ) ;
#1575 = AXIS2_PLACEMENT_3D ( 'NONE', #1465, #548, #1280 ) ;
#1576 = DIRECTION ( 'NONE',  ( -1.000000000000000000, 0.000000000000000000, 0.000000000000000000 ) ) ;
#1577 = ORIENTED_EDGE ( 'NONE', *, *, #680, .T. ) ;
#1578 = EDGE_CURVE ( 'NONE', #634, #2325, #2369, .T. ) ;
#1579 = ORIENTED_EDGE ( 'NONE', *, *, #821, .F. ) ;
#1580 = LINE ( 'NONE', #1609, #1473 ) ;
#1581 = ORIENTED_EDGE ( 'NONE', *, *, #1086, .T. ) ;
#1582 = VERTEX_POINT ( 'NONE', #1618 ) ;
#1583 = ADVANCED_FACE ( 'NONE', ( #1205 ), #44, .T. ) ;
#1584 = VECTOR ( 'NONE', #68, 1000.000000000000000 ) ;
#1585 = MANIFOLD_SOLID_BREP ( '\X2\0421043a044004430433043b0435043d04380435\X0\4', #1467 ) ;
#1586 = AXIS2_PLACEMENT_3D ( 'NONE', #1154, #595, #1524 ) ;
#1587 = LINE ( 'NONE', #1749, #507 ) ;
#1588 = DIRECTION ( 'NONE',  ( 1.000000000000000000, 0.000000000000000000, 0.000000000000000000 ) ) ;
#1589 = DIRECTION ( 'NONE',  ( -1.000000000000000000, 0.000000000000000000, 0.000000000000000000 ) ) ;
#1590 = CIRCLE ( 'NONE', #1275, 1.000000000000000000 ) ;
#1591 = AXIS2_PLACEMENT_3D ( 'NONE', #1412, #2155, #129 ) ;
#1592 = DIRECTION ( 'NONE',  ( -1.000000000000000000, 0.000000000000000000, 0.000000000000000000 ) ) ;
#1593 = CIRCLE ( 'NONE', #547, 1.100000000000000311 ) ;
#1594 = LINE ( 'NONE', #598, #1236 ) ;
#1595 = ORIENTED_EDGE ( 'NONE', *, *, #1963, .T. ) ;
#1596 = ORIENTED_EDGE ( 'NONE', *, *, #1291, .T. ) ;
#1597 = CARTESIAN_POINT ( 'NONE',  ( 0.000000000000000000, 0.000000000000000000, 2.399999999999999911 ) ) ;
#1598 = AXIS2_PLACEMENT_3D ( 'NONE', #803, #2305, #270 ) ;
#1599 = EDGE_CURVE ( 'NONE', #2272, #1512, #1941, .T. ) ;
#1600 = ORIENTED_EDGE ( 'NONE', *, *, #1535, .F. ) ;
#1601 = CARTESIAN_POINT ( 'NONE',  ( 56.89999999999999147, 2.399999999999999911, 2.399999999999999911 ) ) ;
#1602 = DIRECTION ( 'NONE',  ( 0.000000000000000000, 0.000000000000000000, 1.000000000000000000 ) ) ;
#1603 = DIRECTION ( 'NONE',  ( 0.000000000000000000, 1.000000000000000000, 0.000000000000000000 ) ) ;
#1604 = EDGE_CURVE ( 'NONE', #1186, #403, #1580, .T. ) ;
#1605 = ADVANCED_FACE ( 'NONE', ( #2335 ), #1230, .T. ) ;
#1606 = DIRECTION ( 'NONE',  ( 0.000000000000000000, 0.000000000000000000, -1.000000000000000000 ) ) ;
#1607 = FACE_OUTER_BOUND ( 'NONE', #1299, .T. ) ;
#1608 = EDGE_LOOP ( 'NONE', ( #1474, #1950, #363, #208 ) ) ;
#1609 = CARTESIAN_POINT ( 'NONE',  ( 56.34999999999999432, 3.499999999999996003, 4.900000000000000355 ) ) ;
#1610 = FACE_OUTER_BOUND ( 'NONE', #1710, .T. ) ;
#1611 = CARTESIAN_POINT ( 'NONE',  ( 0.000000000000000000, 0.000000000000000000, 2.500000000000000888 ) ) ;
#1612 = FACE_OUTER_BOUND ( 'NONE', #1608, .T. ) ;
#1613 = CARTESIAN_POINT ( 'NONE',  ( 56.34999999999999432, 28.37999999999999545, 14.90000000000000036 ) ) ;
#1614 = DIRECTION ( 'NONE',  ( -0.000000000000000000, -0.000000000000000000, -1.000000000000000000 ) ) ;
#1615 = VERTEX_POINT ( 'NONE', #19 ) ;
#1616 = EDGE_CURVE ( 'NONE', #1835, #404, #5, .T. ) ;
#1617 = AXIS2_PLACEMENT_3D ( 'NONE', #752, #1489, #382 ) ;
#1618 = CARTESIAN_POINT ( 'NONE',  ( 54.94999999999999574, 34.69999999999991758, 2.500000000000000888 ) ) ;
#1619 = DIRECTION ( 'NONE',  ( 1.000000000000000000, 0.000000000000000000, 0.000000000000000000 ) ) ;
#1620 = DIRECTION ( 'NONE',  ( 1.000000000000000000, 0.000000000000000000, 0.000000000000000000 ) ) ;
#1621 = LINE ( 'NONE', #1298, #885 ) ;
#1622 = DIRECTION ( 'NONE',  ( -1.000000000000000000, 0.000000000000000000, 0.000000000000000000 ) ) ;
#1623 = CIRCLE ( 'NONE', #1075, 3.500000000000000000 ) ;
#1624 = CIRCLE ( 'NONE', #763, 3.500000000000003109 ) ;
#1625 = DIRECTION ( 'NONE',  ( 0.000000000000000000, 0.000000000000000000, -1.000000000000000000 ) ) ;
#1626 = FACE_OUTER_BOUND ( 'NONE', #1383, .T. ) ;
#1627 = VECTOR ( 'NONE', #1968, 1000.000000000000000 ) ;
#1628 = TOROIDAL_SURFACE ( 'NONE', #427, 0.2500000000000023870, 2.000000000000000000 ) ;
#1629 = CIRCLE ( 'NONE', #574, 1.100000000000000311 ) ;
#1630 = ORIENTED_EDGE ( 'NONE', *, *, #1991, .T. ) ;
#1631 = PRODUCT_DEFINITION_CONTEXT ( 'detailed design', #1101, 'design' ) ;
#1632 = VECTOR ( 'NONE', #632, 1000.000000000000000 ) ;
#1633 = ADVANCED_FACE ( 'NONE', ( #755, #556 ), #1109, .F. ) ;
#1634 = AXIS2_PLACEMENT_3D ( 'NONE', #871, #1834, #893 ) ;
#1635 = LINE ( 'NONE', #532, #120 ) ;
#1636 = DIRECTION ( 'NONE',  ( 0.000000000000000000, 0.000000000000000000, 1.000000000000000000 ) ) ;
#1637 = DIRECTION ( 'NONE',  ( -1.000000000000000000, 0.000000000000000000, 0.000000000000000000 ) ) ;
#1638 = LINE ( 'NONE', #362, #1309 ) ;
#1639 = EDGE_CURVE ( 'NONE', #640, #1361, #42, .T. ) ;
#1640 = DIRECTION ( 'NONE',  ( -1.000000000000000000, -8.673617379884013384E-15, 0.000000000000000000 ) ) ;
#1641 = ORIENTED_EDGE ( 'NONE', *, *, #1089, .T. ) ;
#1642 = CARTESIAN_POINT ( 'NONE',  ( 15.11999999999999922, 3.499999999999996003, 14.90000000000000036 ) ) ;
#1643 = CARTESIAN_POINT ( 'NONE',  ( 45.27999999999999403, 37.19999999999999574, 12.90000000000000036 ) ) ;
#1644 = ORIENTED_EDGE ( 'NONE', *, *, #1196, .T. ) ;
#1645 = LINE ( 'NONE', #888, #355 ) ;
#1646 = CARTESIAN_POINT ( 'NONE',  ( 6.549999999999999822, 34.69999999999999574, 19.14999999999999858 ) ) ;
#1647 = VERTEX_POINT ( 'NONE', #407 ) ;
#1648 = DIRECTION ( 'NONE',  ( -0.000000000000000000, -0.000000000000000000, -1.000000000000000000 ) ) ;
#1649 = CARTESIAN_POINT ( 'NONE',  ( 2.399999999999999911, 0.000000000000000000, 2.399999999999999911 ) ) ;
#1650 = ORIENTED_EDGE ( 'NONE', *, *, #340, .T. ) ;
#1651 = EDGE_CURVE ( 'NONE', #1532, #1744, #1292, .T. ) ;
#1652 = CARTESIAN_POINT ( 'NONE',  ( 4.049999999999999822, 34.79999999999999716, 19.14999999999999858 ) ) ;
#1653 = CARTESIAN_POINT ( 'NONE',  ( 3.500000000000000000, 3.500000000000000000, 2.399999999999999911 ) ) ;
#1654 = ORIENTED_EDGE ( 'NONE', *, *, #1452, .F. ) ;
#1655 = ADVANCED_FACE ( 'NONE', ( #2232 ), #1501, .T. ) ;
#1656 = EDGE_CURVE ( 'NONE', #1311, #2210, #2021, .T. ) ;
#1657 = PLANE ( 'NONE',  #1575 ) ;
#1658 = CARTESIAN_POINT ( 'NONE',  ( 60.39999999999999858, 0.000000000000000000, 0.000000000000000000 ) ) ;
#1659 = VECTOR ( 'NONE', #1809, 1000.000000000000000 ) ;
#1660 = TOROIDAL_SURFACE ( 'NONE', #81, 1.100000000000000311, 1.000000000000000000 ) ;
#1661 = AXIS2_PLACEMENT_3D ( 'NONE', #102, #829, #1901 ) ;
#1662 = DIRECTION ( 'NONE',  ( 0.000000000000000000, 0.000000000000000000, 1.000000000000000000 ) ) ;
#1663 = EDGE_CURVE ( 'NONE', #814, #1923, #1491, .T. ) ;
#1664 = ORIENTED_EDGE ( 'NONE', *, *, #1421, .F. ) ;
#1665 = CIRCLE ( 'NONE', #613, 0.9999999999999995559 ) ;
#1666 = LINE ( 'NONE', #335, #1694 ) ;
#1667 = AXIS2_PLACEMENT_3D ( 'NONE', #614, #1202, #1356 ) ;
#1668 = CARTESIAN_POINT ( 'NONE',  ( 10.61999999999999744, 37.19999999999999574, 12.90000000000000036 ) ) ;
#1669 = DIRECTION ( 'NONE',  ( -0.000000000000000000, -0.000000000000000000, -1.000000000000000000 ) ) ;
#1670 = ORIENTED_EDGE ( 'NONE', *, *, #252, .F. ) ;
#1671 = EDGE_CURVE ( 'NONE', #2139, #1399, #2031, .T. ) ;
#1672 = DIRECTION ( 'NONE',  ( -1.000000000000000000, 0.000000000000000000, 0.000000000000000000 ) ) ;
#1673 = CYLINDRICAL_SURFACE ( 'NONE', #652, 0.1000000000000028644 ) ;
#1674 = CARTESIAN_POINT ( 'NONE',  ( 56.34999999999999432, 14.56999999999999851, 12.90000000000000036 ) ) ;
#1675 = ORIENTED_EDGE ( 'NONE', *, *, #523, .F. ) ;
#1676 = ORIENTED_EDGE ( 'NONE', *, *, #349, .F. ) ;
#1677 = LINE ( 'NONE', #1879, #691 ) ;
#1678 = DIRECTION ( 'NONE',  ( -1.000000000000000000, 2.081668171172168008E-13, 0.000000000000000000 ) ) ;
#1679 = EDGE_CURVE ( 'NONE', #2034, #1396, #1682, .T. ) ;
#1680 = DIRECTION ( 'NONE',  ( -0.000000000000000000, -1.000000000000000000, -0.000000000000000000 ) ) ;
#1681 = CARTESIAN_POINT ( 'NONE',  ( 4.049999999999999822, 12.31999999999999673, 12.90000000000000036 ) ) ;
#1682 = LINE ( 'NONE', #1133, #961 ) ;
#1683 = ORIENTED_EDGE ( 'NONE', *, *, #1998, .F. ) ;
#1684 = EDGE_LOOP ( 'NONE', ( #180, #1773 ) ) ;
#1685 = DIRECTION ( 'NONE',  ( -1.000000000000000000, 0.000000000000000000, 0.000000000000000000 ) ) ;
#1686 = CARTESIAN_POINT ( 'NONE',  ( 56.34999999999999432, 10.06999999999999318, 12.90000000000000036 ) ) ;
#1687 = EDGE_LOOP ( 'NONE', ( #669, #20, #2172, #950 ) ) ;
#1688 = DIRECTION ( 'NONE',  ( 0.000000000000000000, 1.000000000000000000, -0.000000000000000000 ) ) ;
#1689 = DIRECTION ( 'NONE',  ( 0.000000000000000000, -0.000000000000000000, -1.000000000000000000 ) ) ;
#1690 = LINE ( 'NONE', #2257, #1788 ) ;
#1691 = AXIS2_PLACEMENT_3D ( 'NONE', #2125, #2341, #463 ) ;
#1692 = CIRCLE ( 'NONE', #648, 2.000000000000000000 ) ;
#1693 = ORIENTED_EDGE ( 'NONE', *, *, #1284, .T. ) ;
#1694 = VECTOR ( 'NONE', #8, 1000.000000000000000 ) ;
#1695 = VECTOR ( 'NONE', #1168, 1000.000000000000000 ) ;
#1696 = EDGE_CURVE ( 'NONE', #1615, #83, #28, .T. ) ;
#1697 = EDGE_CURVE ( 'NONE', #287, #2154, #1690, .T. ) ;
#1698 = CIRCLE ( 'NONE', #848, 2.499999999999999556 ) ;
#1699 =( GEOMETRIC_REPRESENTATION_CONTEXT ( 3 ) GLOBAL_UNCERTAINTY_ASSIGNED_CONTEXT ( ( #354 ) ) GLOBAL_UNIT_ASSIGNED_CONTEXT ( ( #1266, #1511, #1084 ) ) REPRESENTATION_CONTEXT ( 'NONE', 'WORKASPACE' ) );
#1700 = AXIS2_PLACEMENT_3D ( 'NONE', #1848, #1669, #739 ) ;
#1701 = VECTOR ( 'NONE', #744, 1000.000000000000000 ) ;
#1702 = LINE ( 'NONE', #619, #391 ) ;
#1703 = DIRECTION ( 'NONE',  ( 0.000000000000000000, 1.000000000000000000, 0.000000000000000000 ) ) ;
#1704 = ORIENTED_EDGE ( 'NONE', *, *, #859, .F. ) ;
#1705 = DIRECTION ( 'NONE',  ( -0.000000000000000000, -0.000000000000000000, -1.000000000000000000 ) ) ;
#1706 = DIRECTION ( 'NONE',  ( 0.000000000000000000, 0.000000000000000000, -1.000000000000000000 ) ) ;
#1707 = PRODUCT ( '60\X2\0445\X0\40', '60\X2\0445\X0\40', '', ( #2049 ) ) ;
#1708 = CARTESIAN_POINT ( 'NONE',  ( 4.049999999999999822, 12.06999999999999496, 12.90000000000000036 ) ) ;
#1709 = DIRECTION ( 'NONE',  ( 0.000000000000000000, 0.000000000000000000, 1.000000000000000000 ) ) ;
#1710 = EDGE_LOOP ( 'NONE', ( #1757, #2136 ) ) ;
#1711 = VERTEX_POINT ( 'NONE', #53 ) ;
#1712 = DIRECTION ( 'NONE',  ( -1.000000000000000000, -0.000000000000000000, -0.000000000000000000 ) ) ;
#1713 = PLANE ( 'NONE',  #82 ) ;
#1714 = ORIENTED_EDGE ( 'NONE', *, *, #1697, .T. ) ;
#1715 = ORIENTED_EDGE ( 'NONE', *, *, #1733, .T. ) ;
#1716 = ADVANCED_FACE ( 'NONE', ( #6 ), #2298, .T. ) ;
#1717 = PLANE ( 'NONE',  #161 ) ;
#1718 = DIRECTION ( 'NONE',  ( 0.000000000000000000, 0.000000000000000000, -1.000000000000000000 ) ) ;
#1719 = CARTESIAN_POINT ( 'NONE',  ( 56.34999999999999432, 28.12999999999999190, 12.90000000000000036 ) ) ;
#1720 = CARTESIAN_POINT ( 'NONE',  ( 3.799999999999998934, 12.31999999999999673, 12.90000000000000036 ) ) ;
#1721 = VERTEX_POINT ( 'NONE', #1515 ) ;
#1722 = ORIENTED_EDGE ( 'NONE', *, *, #415, .T. ) ;
#1723 = EDGE_LOOP ( 'NONE', ( #106, #265, #2310, #2282 ) ) ;
#1724 = CARTESIAN_POINT ( 'NONE',  ( 0.000000000000000000, 40.70000000000000284, 0.000000000000000000 ) ) ;
#1725 = FACE_OUTER_BOUND ( 'NONE', #2258, .T. ) ;
#1726 = ORIENTED_EDGE ( 'NONE', *, *, #2359, .F. ) ;
#1727 = EDGE_CURVE ( 'NONE', #590, #485, #2340, .T. ) ;
#1728 = ORIENTED_EDGE ( 'NONE', *, *, #1599, .T. ) ;
#1729 = VERTEX_POINT ( 'NONE', #2267 ) ;
#1730 = DIRECTION ( 'NONE',  ( 1.000000000000000000, 0.000000000000000000, 0.000000000000000000 ) ) ;
#1731 = LINE ( 'NONE', #2316, #655 ) ;
#1732 = EDGE_CURVE ( 'NONE', #1987, #668, #1593, .T. ) ;
#1733 = EDGE_CURVE ( 'NONE', #2312, #297, #588, .T. ) ;
#1734 = CARTESIAN_POINT ( 'NONE',  ( 60.39999999999999858, 3.500000000000000000, 4.900000000000000355 ) ) ;
#1735 = CYLINDRICAL_SURFACE ( 'NONE', #195, 1.000000000000000000 ) ;
#1736 = EDGE_LOOP ( 'NONE', ( #1970, #110, #135, #1214 ) ) ;
#1737 = EDGE_LOOP ( 'NONE', ( #2295, #1158, #25, #901 ) ) ;
#1738 = ORIENTED_EDGE ( 'NONE', *, *, #1430, .T. ) ;
#1739 = VECTOR ( 'NONE', #162, 1000.000000000000000 ) ;
#1740 = AXIS2_PLACEMENT_3D ( 'NONE', #1789, #494, #1224 ) ;
#1741 = DIRECTION ( 'NONE',  ( 0.000000000000000000, 0.000000000000000000, 1.000000000000000000 ) ) ;
#1742 = CARTESIAN_POINT ( 'NONE',  ( 53.84999999999998010, 5.899999999999995914, 3.499999999999999556 ) ) ;
#1743 = CIRCLE ( 'NONE', #539, 1.100000000000003642 ) ;
#1744 = VERTEX_POINT ( 'NONE', #1674 ) ;
#1745 = VECTOR ( 'NONE', #2084, 1000.000000000000000 ) ;
#1746 = AXIS2_PLACEMENT_3D ( 'NONE', #1011, #1550, #247 ) ;
#1747 = ORIENTED_EDGE ( 'NONE', *, *, #1227, .T. ) ;
#1748 = EDGE_CURVE ( 'NONE', #1959, #1437, #2277, .T. ) ;
#1749 = CARTESIAN_POINT ( 'NONE',  ( 54.94999999999999574, 0.000000000000000000, 2.500000000000000888 ) ) ;
#1750 = DIRECTION ( 'NONE',  ( 0.000000000000000000, 0.000000000000000000, -1.000000000000000000 ) ) ;
#1751 = CARTESIAN_POINT ( 'NONE',  ( 1.799999999999996492, 28.37999999999999545, 4.900000000000000355 ) ) ;
#1752 = CIRCLE ( 'NONE', #1315, 3.500000000000000000 ) ;
#1753 = FACE_OUTER_BOUND ( 'NONE', #653, .T. ) ;
#1754 = CARTESIAN_POINT ( 'NONE',  ( 53.84999999999999432, 5.999999999999994671, 3.499999999999999556 ) ) ;
#1755 = VERTEX_POINT ( 'NONE', #911 ) ;
#1756 = DIRECTION ( 'NONE',  ( 0.000000000000000000, 0.000000000000000000, -1.000000000000000000 ) ) ;
#1757 = ORIENTED_EDGE ( 'NONE', *, *, #790, .F. ) ;
#1758 = ORIENTED_EDGE ( 'NONE', *, *, #1663, .F. ) ;
#1759 = LINE ( 'NONE', #101, #2087 ) ;
#1760 = CYLINDRICAL_SURFACE ( 'NONE', #1661, 1.000000000000000000 ) ;
#1761 = CARTESIAN_POINT ( 'NONE',  ( 53.84999999999999432, 34.69999999999999574, 19.14999999999999858 ) ) ;
#1762 = DIRECTION ( 'NONE',  ( 1.000000000000000000, 0.000000000000000000, 0.000000000000000000 ) ) ;
#1763 = CARTESIAN_POINT ( 'NONE',  ( 56.34999999999999432, 26.12999999999999190, 14.90000000000000036 ) ) ;
#1764 = ORIENTED_EDGE ( 'NONE', *, *, #412, .F. ) ;
#1765 = EDGE_CURVE ( 'NONE', #1085, #2007, #84, .T. ) ;
#1766 = EDGE_LOOP ( 'NONE', ( #2347, #2124, #2173, #1207 ) ) ;
#1767 = ORIENTED_EDGE ( 'NONE', *, *, #1063, .T. ) ;
#1768 = ORIENTED_EDGE ( 'NONE', *, *, #524, .T. ) ;
#1769 = CARTESIAN_POINT ( 'NONE',  ( 53.84999999999998010, 34.79999999999999716, 19.14999999999999858 ) ) ;
#1770 = CARTESIAN_POINT ( 'NONE',  ( 4.049999999999998046, 28.37999999999999545, 14.90000000000000036 ) ) ;
#1771 = CARTESIAN_POINT ( 'NONE',  ( 3.500000000000000000, 38.29999999999999716, 2.399999999999999911 ) ) ;
#1772 = DIRECTION ( 'NONE',  ( -1.000000000000000000, 0.000000000000000000, 0.000000000000000000 ) ) ;
#1773 = ORIENTED_EDGE ( 'NONE', *, *, #2028, .T. ) ;
#1774 = VERTEX_POINT ( 'NONE', #2146 ) ;
#1775 = ADVANCED_FACE ( 'NONE', ( #2289 ), #1735, .T. ) ;
#1776 = EDGE_CURVE ( 'NONE', #278, #2007, #390, .T. ) ;
#1777 = AXIS2_PLACEMENT_3D ( 'NONE', #420, #46, #582 ) ;
#1778 = ORIENTED_EDGE ( 'NONE', *, *, #934, .F. ) ;
#1779 = EDGE_CURVE ( 'NONE', #1410, #1497, #2132, .T. ) ;
#1780 = AXIS2_PLACEMENT_3D ( 'NONE', #1536, #1001, #1169 ) ;
#1781 = ORIENTED_EDGE ( 'NONE', *, *, #518, .F. ) ;
#1782 = DIRECTION ( 'NONE',  ( -1.000000000000000000, 0.000000000000000000, 0.000000000000000000 ) ) ;
#1783 = CARTESIAN_POINT ( 'NONE',  ( 56.34999999999999432, 28.37999999999999545, 12.90000000000000036 ) ) ;
#1784 = AXIS2_PLACEMENT_3D ( 'NONE', #1613, #2365, #1786 ) ;
#1785 = EDGE_CURVE ( 'NONE', #2050, #1647, #1367, .T. ) ;
#1786 = DIRECTION ( 'NONE',  ( 1.000000000000000000, 0.000000000000000000, -0.000000000000000000 ) ) ;
#1787 = EDGE_CURVE ( 'NONE', #251, #333, #618, .T. ) ;
#1788 = VECTOR ( 'NONE', #223, 1000.000000000000000 ) ;
#1789 = CARTESIAN_POINT ( 'NONE',  ( 12.61999999999999744, 37.19999999999999574, 12.90000000000000036 ) ) ;
#1790 = ORIENTED_EDGE ( 'NONE', *, *, #1776, .T. ) ;
#1791 = VERTEX_POINT ( 'NONE', #1183 ) ;
#1792 = ADVANCED_FACE ( 'NONE', ( #1395 ), #975, .F. ) ;
#1793 = DIRECTION ( 'NONE',  ( -0.000000000000000000, -0.000000000000000000, -1.000000000000000000 ) ) ;
#1794 = DIRECTION ( 'NONE',  ( -1.000000000000000000, 0.000000000000000000, 0.000000000000000000 ) ) ;
#1795 = DIRECTION ( 'NONE',  ( 0.000000000000000000, -0.000000000000000000, -1.000000000000000000 ) ) ;
#1796 = FACE_OUTER_BOUND ( 'NONE', #2064, .T. ) ;
#1797 = CARTESIAN_POINT ( 'NONE',  ( 4.049999999999999822, 26.12999999999999190, 4.900000000000000355 ) ) ;
#1798 = EDGE_CURVE ( 'NONE', #581, #251, #801, .T. ) ;
#1799 = DIRECTION ( 'NONE',  ( 0.000000000000000000, -1.000000000000000000, 0.000000000000000000 ) ) ;
#1800 = CARTESIAN_POINT ( 'NONE',  ( 15.12000000000000099, 37.19999999999999574, 12.90000000000000036 ) ) ;
#1801 = ORIENTED_EDGE ( 'NONE', *, *, #1787, .T. ) ;
#1802 = VERTEX_POINT ( 'NONE', #444 ) ;
#1803 = LINE ( 'NONE', #97, #2220 ) ;
#1804 = DIRECTION ( 'NONE',  ( 0.000000000000000000, 1.000000000000000000, 0.000000000000000000 ) ) ;
#1805 = CARTESIAN_POINT ( 'NONE',  ( 4.049999999999998046, 28.37999999999999545, 12.90000000000000036 ) ) ;
#1806 = PLANE ( 'NONE',  #2296 ) ;
#1807 = EDGE_CURVE ( 'NONE', #1282, #2100, #93, .T. ) ;
#1808 = EDGE_CURVE ( 'NONE', #1460, #403, #431, .T. ) ;
#1809 = DIRECTION ( 'NONE',  ( 0.000000000000000000, -0.000000000000000000, 1.000000000000000000 ) ) ;
#1810 = DIRECTION ( 'NONE',  ( 1.000000000000000000, 0.000000000000000000, 0.000000000000000000 ) ) ;
#1811 = ORIENTED_EDGE ( 'NONE', *, *, #1663, .T. ) ;
#1812 = CIRCLE ( 'NONE', #1067, 2.499999999999999556 ) ;
#1813 = DIRECTION ( 'NONE',  ( -1.000000000000000000, 0.000000000000000000, 0.000000000000000000 ) ) ;
#1814 = LINE ( 'NONE', #1992, #1739 ) ;
#1815 = DIRECTION ( 'NONE',  ( 0.000000000000000000, 0.000000000000000000, -1.000000000000000000 ) ) ;
#1816 = DIRECTION ( 'NONE',  ( -1.000000000000000000, 0.000000000000000000, 0.000000000000000000 ) ) ;
#1817 = CARTESIAN_POINT ( 'NONE',  ( 47.52999999999999403, 37.19999999999999574, 14.90000000000000036 ) ) ;
#1818 = AXIS2_PLACEMENT_3D ( 'NONE', #1192, #128, #1942 ) ;
#1819 = AXIS2_PLACEMENT_3D ( 'NONE', #212, #2399, #4 ) ;
#1820 = PLANE ( 'NONE',  #1784 ) ;
#1821 = DIRECTION ( 'NONE',  ( -1.000000000000000000, 0.000000000000000000, 0.000000000000000000 ) ) ;
#1822 = AXIS2_PLACEMENT_3D ( 'NONE', #1024, #870, #493 ) ;
#1823 = AXIS2_PLACEMENT_3D ( 'NONE', #140, #1402, #1640 ) ;
#1824 = VECTOR ( 'NONE', #952, 1000.000000000000000 ) ;
#1825 = VERTEX_POINT ( 'NONE', #105 ) ;
#1826 = CIRCLE ( 'NONE', #2060, 1.000000000000000000 ) ;
#1827 = EDGE_CURVE ( 'NONE', #251, #894, #1852, .T. ) ;
#1828 = ORIENTED_EDGE ( 'NONE', *, *, #524, .F. ) ;
#1829 = CARTESIAN_POINT ( 'NONE',  ( 12.61999999999999922, 3.499999999999996003, 12.90000000000000036 ) ) ;
#1830 = CARTESIAN_POINT ( 'NONE',  ( 53.84999999999984510, 4.899999999999995914, 2.500000000000000888 ) ) ;
#1831 = DIRECTION ( 'NONE',  ( 1.000000000000000000, -0.000000000000000000, 0.000000000000000000 ) ) ;
#1832 = APPLICATION_PROTOCOL_DEFINITION ( 'draft international standard', 'automotive_design', 1998, #1101 ) ;
#1833 = CARTESIAN_POINT ( 'NONE',  ( 4.049999999999999822, 12.31999999999999673, 4.900000000000000355 ) ) ;
#1834 = DIRECTION ( 'NONE',  ( 6.938893903907220805E-14, 1.000000000000000000, 0.000000000000000000 ) ) ;
#1835 = VERTEX_POINT ( 'NONE', #1930 ) ;
#1836 = EDGE_CURVE ( 'NONE', #1361, #1711, #882, .T. ) ;
#1837 = DIRECTION ( 'NONE',  ( 0.000000000000000000, 0.000000000000000000, 1.000000000000000000 ) ) ;
#1838 = CARTESIAN_POINT ( 'NONE',  ( 3.500000000000000000, 3.500000000000000000, 4.900000000000000355 ) ) ;
#1839 = CARTESIAN_POINT ( 'NONE',  ( 3.500000000000000000, 40.70000000000000284, 4.900000000000000355 ) ) ;
#1840 = DIRECTION ( 'NONE',  ( 0.000000000000000000, 0.000000000000000000, -1.000000000000000000 ) ) ;
#1841 = CARTESIAN_POINT ( 'NONE',  ( 0.000000000000000000, 38.29999999999999716, 4.900000000000000355 ) ) ;
#1842 = ORIENTED_EDGE ( 'NONE', *, *, #693, .F. ) ;
#1843 = CARTESIAN_POINT ( 'NONE',  ( 6.549999999999990052, 35.79999999999999716, 3.500000000000000888 ) ) ;
#1844 = VERTEX_POINT ( 'NONE', #1554 ) ;
#1845 = EDGE_CURVE ( 'NONE', #1844, #1218, #1427, .T. ) ;
#1846 = PRODUCT_DEFINITION ( 'UNKNOWN', '', #396, #1631 ) ;
#1847 = DIRECTION ( 'NONE',  ( -0.000000000000000000, -0.000000000000000000, 1.000000000000000000 ) ) ;
#1848 = CARTESIAN_POINT ( 'NONE',  ( 56.34999999999999432, 28.37999999999999545, 14.90000000000000036 ) ) ;
#1849 = LINE ( 'NONE', #1087, #122 ) ;
#1850 = CYLINDRICAL_SURFACE ( 'NONE', #1819, 2.500000000000002220 ) ;
#1851 = AXIS2_PLACEMENT_3D ( 'NONE', #1475, #1620, #1815 ) ;
#1852 = CIRCLE ( 'NONE', #921, 2.000000000000000000 ) ;
#1853 = VECTOR ( 'NONE', #1718, 1000.000000000000000 ) ;
#1854 = AXIS2_PLACEMENT_3D ( 'NONE', #1463, #192, #183 ) ;
#1855 = DIRECTION ( 'NONE',  ( -1.000000000000000000, -8.673617379884026006E-15, -0.000000000000000000 ) ) ;
#1856 = VERTEX_POINT ( 'NONE', #986 ) ;
#1857 = MECHANICAL_DESIGN_GEOMETRIC_PRESENTATION_REPRESENTATION (  '', ( #2380 ), #168 ) ;
#1858 = EDGE_CURVE ( 'NONE', #2153, #2272, #457, .T. ) ;
#1859 = ORIENTED_EDGE ( 'NONE', *, *, #1300, .F. ) ;
#1860 = FACE_OUTER_BOUND ( 'NONE', #1040, .T. ) ;
#1861 = ADVANCED_FACE ( 'NONE', ( #628 ), #285, .T. ) ;
#1862 = LINE ( 'NONE', #944, #30 ) ;
#1863 = DIRECTION ( 'NONE',  ( -0.000000000000000000, -1.000000000000000000, -0.000000000000000000 ) ) ;
#1864 = DIRECTION ( 'NONE',  ( -0.000000000000000000, -0.000000000000000000, 1.000000000000000000 ) ) ;
#1865 = ORIENTED_EDGE ( 'NONE', *, *, #1535, .T. ) ;
#1866 = EDGE_CURVE ( 'NONE', #1038, #2154, #1624, .T. ) ;
#1867 = ORIENTED_EDGE ( 'NONE', *, *, #1748, .T. ) ;
#1868 = CARTESIAN_POINT ( 'NONE',  ( 56.34999999999999432, 28.12999999999999190, 14.90000000000000036 ) ) ;
#1869 = CARTESIAN_POINT ( 'NONE',  ( 0.000000000000000000, 35.79999999999999716, 3.500000000000000888 ) ) ;
#1870 = EDGE_LOOP ( 'NONE', ( #94, #1173, #224, #298 ) ) ;
#1871 = SHAPE_DEFINITION_REPRESENTATION ( #1102, #181 ) ;
#1872 = ORIENTED_EDGE ( 'NONE', *, *, #1324, .T. ) ;
#1873 = LINE ( 'NONE', #2016, #851 ) ;
#1874 = LINE ( 'NONE', #36, #1354 ) ;
#1875 = EDGE_CURVE ( 'NONE', #1558, #1437, #1594, .T. ) ;
#1876 = EDGE_CURVE ( 'NONE', #1171, #1959, #2382, .T. ) ;
#1877 = DIRECTION ( 'NONE',  ( 1.000000000000000000, -0.000000000000000000, 0.000000000000000000 ) ) ;
#1878 = ORIENTED_EDGE ( 'NONE', *, *, #172, .T. ) ;
#1879 = CARTESIAN_POINT ( 'NONE',  ( 0.000000000000000000, 40.70000000000000284, 4.900000000000000355 ) ) ;
#1880 = CARTESIAN_POINT ( 'NONE',  ( 56.34999999999999432, 3.499999999999996003, 4.900000000000000355 ) ) ;
#1881 = ORIENTED_EDGE ( 'NONE', *, *, #496, .T. ) ;
#1882 = VERTEX_POINT ( 'NONE', #1643 ) ;
#1883 = CIRCLE ( 'NONE', #910, 2.000000000000000000 ) ;
#1884 = FACE_OUTER_BOUND ( 'NONE', #1999, .T. ) ;
#1885 = CARTESIAN_POINT ( 'NONE',  ( 4.049999999999999822, 34.79999999999999716, 3.499999999999999556 ) ) ;
#1886 = PLANE ( 'NONE',  #277 ) ;
#1887 = DIRECTION ( 'NONE',  ( 0.000000000000000000, 0.000000000000000000, 1.000000000000000000 ) ) ;
#1888 = DIRECTION ( 'NONE',  ( 1.000000000000000000, 0.000000000000000000, -0.000000000000000000 ) ) ;
#1889 = AXIS2_PLACEMENT_3D ( 'NONE', #1829, #515, #1837 ) ;
#1890 = ORIENTED_EDGE ( 'NONE', *, *, #1808, .F. ) ;
#1891 = AXIS2_PLACEMENT_3D ( 'NONE', #2133, #1973, #475 ) ;
#1892 = CIRCLE ( 'NONE', #849, 0.2500000000000019429 ) ;
#1893 = VECTOR ( 'NONE', #405, 1000.000000000000000 ) ;
#1894 = AXIS2_PLACEMENT_3D ( 'NONE', #516, #1993, #1782 ) ;
#1895 = AXIS2_PLACEMENT_3D ( 'NONE', #1247, #641, #672 ) ;
#1896 = FACE_BOUND ( 'NONE', #1380, .T. ) ;
#1897 = DIRECTION ( 'NONE',  ( -0.000000000000000000, -1.000000000000000000, -0.000000000000000000 ) ) ;
#1898 = VERTEX_POINT ( 'NONE', #1260 ) ;
#1899 = ORIENTED_EDGE ( 'NONE', *, *, #100, .T. ) ;
#1900 = EDGE_LOOP ( 'NONE', ( #2339, #841, #1811, #2112 ) ) ;
#1901 = DIRECTION ( 'NONE',  ( 0.000000000000000000, 0.000000000000000000, -1.000000000000000000 ) ) ;
#1902 = DIRECTION ( 'NONE',  ( 0.000000000000000000, 0.000000000000000000, -1.000000000000000000 ) ) ;
#1903 = CARTESIAN_POINT ( 'NONE',  ( 6.549999999999999822, 34.69999999999999574, 19.14999999999999858 ) ) ;
#1904 = VECTOR ( 'NONE', #2083, 1000.000000000000000 ) ;
#1905 = CARTESIAN_POINT ( 'NONE',  ( 53.84999999999999432, 34.69999999999999574, 4.900000000000001243 ) ) ;
#1906 = EDGE_LOOP ( 'NONE', ( #2367, #1418, #1165, #750, #2223, #850, #214, #2103, #1559, #117, #2331, #1385, #1177, #2082, #1046, #2130 ) ) ;
#1907 = ORIENTED_EDGE ( 'NONE', *, *, #356, .F. ) ;
#1908 = EDGE_CURVE ( 'NONE', #1396, #880, #1112, .T. ) ;
#1909 = ADVANCED_FACE ( 'NONE', ( #2198 ), #514, .T. ) ;
#1910 = CARTESIAN_POINT ( 'NONE',  ( 2.399999999999999911, 3.500000000000000000, 4.900000000000000355 ) ) ;
#1911 = DIRECTION ( 'NONE',  ( -1.000000000000000000, 0.000000000000000000, 0.000000000000000000 ) ) ;
#1912 = ORIENTED_EDGE ( 'NONE', *, *, #935, .T. ) ;
#1913 = VERTEX_POINT ( 'NONE', #2204 ) ;
#1914 = ORIENTED_EDGE ( 'NONE', *, *, #172, .F. ) ;
#1915 = FACE_OUTER_BOUND ( 'NONE', #996, .T. ) ;
#1916 = CARTESIAN_POINT ( 'NONE',  ( 4.049999999999998046, 28.37999999999999545, 14.90000000000000036 ) ) ;
#1917 = CARTESIAN_POINT ( 'NONE',  ( 0.000000000000000000, 0.000000000000000000, 4.900000000000000355 ) ) ;
#1918 = DIRECTION ( 'NONE',  ( -0.000000000000000000, -0.000000000000000000, 1.000000000000000000 ) ) ;
#1919 = ORIENTED_EDGE ( 'NONE', *, *, #1094, .F. ) ;
#1920 = CIRCLE ( 'NONE', #806, 1.100000000000000311 ) ;
#1921 = PLANE ( 'NONE',  #2211 ) ;
#1922 = DIRECTION ( 'NONE',  ( 1.000000000000000000, 0.000000000000000000, 0.000000000000000000 ) ) ;
#1923 = VERTEX_POINT ( 'NONE', #2389 ) ;
#1924 = VERTEX_POINT ( 'NONE', #1458 ) ;
#1925 = ADVANCED_FACE ( 'NONE', ( #312 ), #2017, .T. ) ;
#1926 = VERTEX_POINT ( 'NONE', #1800 ) ;
#1927 = DIRECTION ( 'NONE',  ( 0.000000000000000000, -1.000000000000000000, 0.000000000000000000 ) ) ;
#1928 = DIRECTION ( 'NONE',  ( -0.000000000000000000, -0.000000000000000000, 1.000000000000000000 ) ) ;
#1929 = PLANE ( 'NONE',  #1113 ) ;
#1930 = CARTESIAN_POINT ( 'NONE',  ( 1.799999999999996492, 28.37999999999999545, 12.90000000000000036 ) ) ;
#1931 = ORIENTED_EDGE ( 'NONE', *, *, #1908, .F. ) ;
#1932 = TOROIDAL_SURFACE ( 'NONE', #204, 0.2500000000000006661, 2.000000000000000000 ) ;
#1933 = DIRECTION ( 'NONE',  ( 0.000000000000000000, 0.000000000000000000, 1.000000000000000000 ) ) ;
#1934 = CARTESIAN_POINT ( 'NONE',  ( 60.39999999999999858, 0.000000000000000000, 4.900000000000000355 ) ) ;
#1935 = CIRCLE ( 'NONE', #2, 0.1000000000000002554 ) ;
#1936 = EDGE_LOOP ( 'NONE', ( #948, #1488, #489, #1527 ) ) ;
#1937 = CIRCLE ( 'NONE', #1823, 0.1000000000000002554 ) ;
#1938 = AXIS2_PLACEMENT_3D ( 'NONE', #2377, #1069, #1816 ) ;
#1939 = AXIS2_PLACEMENT_3D ( 'NONE', #1364, #413, #464 ) ;
#1940 = VERTEX_POINT ( 'NONE', #1996 ) ;
#1941 = CIRCLE ( 'NONE', #1310, 1.100000000000000311 ) ;
#1942 = DIRECTION ( 'NONE',  ( 1.000000000000000000, 0.000000000000000000, 0.000000000000000000 ) ) ;
#1943 = DIRECTION ( 'NONE',  ( 0.000000000000000000, 0.000000000000000000, 1.000000000000000000 ) ) ;
#1944 = LINE ( 'NONE', #2274, #1853 ) ;
#1945 = CIRCLE ( 'NONE', #1740, 2.000000000000000000 ) ;
#1946 = DIRECTION ( 'NONE',  ( -1.000000000000000000, 0.000000000000000000, 0.000000000000000000 ) ) ;
#1947 = CARTESIAN_POINT ( 'NONE',  ( 56.89999999999999147, 3.500000000000000000, 0.000000000000000000 ) ) ;
#1948 = VERTEX_POINT ( 'NONE', #331 ) ;
#1949 = ORIENTED_EDGE ( 'NONE', *, *, #1599, .F. ) ;
#1950 = ORIENTED_EDGE ( 'NONE', *, *, #2120, .T. ) ;
#1951 = ORIENTED_EDGE ( 'NONE', *, *, #904, .F. ) ;
#1952 = FACE_BOUND ( 'NONE', #495, .T. ) ;
#1953 = FACE_OUTER_BOUND ( 'NONE', #994, .T. ) ;
#1954 = DIRECTION ( 'NONE',  ( -0.000000000000000000, -1.000000000000000000, -0.000000000000000000 ) ) ;
#1955 = DIRECTION ( 'NONE',  ( -0.000000000000000000, -0.000000000000000000, -1.000000000000000000 ) ) ;
#1956 = EDGE_LOOP ( 'NONE', ( #289, #589, #2161, #947 ) ) ;
#1957 = EDGE_CURVE ( 'NONE', #1166, #1021, #536, .T. ) ;
#1958 = EDGE_CURVE ( 'NONE', #445, #942, #1504, .T. ) ;
#1959 = VERTEX_POINT ( 'NONE', #1035 ) ;
#1960 = DIRECTION ( 'NONE',  ( 0.000000000000000000, 0.000000000000000000, -1.000000000000000000 ) ) ;
#1961 = PLANE ( 'NONE',  #1002 ) ;
#1962 = ORIENTED_EDGE ( 'NONE', *, *, #447, .T. ) ;
#1963 = EDGE_CURVE ( 'NONE', #2292, #461, #398, .T. ) ;
#1964 = EDGE_LOOP ( 'NONE', ( #1321, #2026, #1470, #912 ) ) ;
#1965 = ORIENTED_EDGE ( 'NONE', *, *, #1785, .F. ) ;
#1966 = LINE ( 'NONE', #662, #281 ) ;
#1967 = LINE ( 'NONE', #150, #573 ) ;
#1968 = DIRECTION ( 'NONE',  ( -0.000000000000000000, -0.000000000000000000, -1.000000000000000000 ) ) ;
#1969 = DIRECTION ( 'NONE',  ( 1.000000000000000000, 0.000000000000000000, 0.000000000000000000 ) ) ;
#1970 = ORIENTED_EDGE ( 'NONE', *, *, #1090, .T. ) ;
#1971 = EDGE_LOOP ( 'NONE', ( #1676, #133, #439 ) ) ;
#1972 = EDGE_CURVE ( 'NONE', #828, #640, #1752, .T. ) ;
#1973 = DIRECTION ( 'NONE',  ( -1.000000000000000000, 0.000000000000000000, 0.000000000000000000 ) ) ;
#1974 = CARTESIAN_POINT ( 'NONE',  ( 56.34999999999999432, 5.999999999999994671, 19.14999999999999858 ) ) ;
#1975 = ORIENTED_EDGE ( 'NONE', *, *, #2033, .T. ) ;
#1976 = AXIS2_PLACEMENT_3D ( 'NONE', #611, #962, #1565 ) ;
#1977 = AXIS2_PLACEMENT_3D ( 'NONE', #830, #804, #1194 ) ;
#1978 = AXIS2_PLACEMENT_3D ( 'NONE', #1233, #1980, #1050 ) ;
#1979 = CARTESIAN_POINT ( 'NONE',  ( 12.61999999999999744, 37.19999999999999574, 14.90000000000000036 ) ) ;
#1980 = DIRECTION ( 'NONE',  ( -0.000000000000000000, -0.000000000000000000, -1.000000000000000000 ) ) ;
#1981 = DIRECTION ( 'NONE',  ( 1.000000000000000000, 0.000000000000000000, 0.000000000000000000 ) ) ;
#1982 = PRESENTATION_LAYER_ASSIGNMENT (  '', '', ( #2380 ) ) ;
#1983 = LINE ( 'NONE', #2381, #1036 ) ;
#1984 = VECTOR ( 'NONE', #2086, 1000.000000000000000 ) ;
#1985 = DIRECTION ( 'NONE',  ( -0.000000000000000000, -0.000000000000000000, -1.000000000000000000 ) ) ;
#1986 = ORIENTED_EDGE ( 'NONE', *, *, #1639, .T. ) ;
#1987 = VERTEX_POINT ( 'NONE', #1088 ) ;
#1988 = ADVANCED_FACE ( 'NONE', ( #1607 ), #143, .T. ) ;
#1989 = SURFACE_STYLE_USAGE ( .BOTH. , #1029 ) ;
#1990 = EDGE_CURVE ( 'NONE', #1582, #814, #699, .T. ) ;
#1991 = EDGE_CURVE ( 'NONE', #942, #1311, #179, .T. ) ;
#1992 = CARTESIAN_POINT ( 'NONE',  ( 2.399999999999999911, 37.19999999999999574, 4.900000000000000355 ) ) ;
#1993 = DIRECTION ( 'NONE',  ( -0.000000000000000000, -0.000000000000000000, -1.000000000000000000 ) ) ;
#1994 = DIRECTION ( 'NONE',  ( 0.000000000000000000, 0.000000000000000000, 1.000000000000000000 ) ) ;
#1995 = DIRECTION ( 'NONE',  ( -1.000000000000000000, 0.000000000000000000, 0.000000000000000000 ) ) ;
#1996 = CARTESIAN_POINT ( 'NONE',  ( 4.049999999999999822, 28.62999999999999545, 14.90000000000000036 ) ) ;
#1997 = VERTEX_POINT ( 'NONE', #900 ) ;
#1998 = EDGE_CURVE ( 'NONE', #1744, #1027, #78, .T. ) ;
#1999 = EDGE_LOOP ( 'NONE', ( #70, #1768, #2077 ) ) ;
#2000 = VERTEX_POINT ( 'NONE', #132 ) ;
#2001 = PLANE ( 'NONE',  #538 ) ;
#2002 = DIRECTION ( 'NONE',  ( -0.000000000000000000, -0.000000000000000000, -1.000000000000000000 ) ) ;
#2003 = DIRECTION ( 'NONE',  ( -0.000000000000000000, -0.000000000000000000, -1.000000000000000000 ) ) ;
#2004 = CARTESIAN_POINT ( 'NONE',  ( 6.549999999999998046, 5.899999999999995914, 3.499999999999999556 ) ) ;
#2005 = CARTESIAN_POINT ( 'NONE',  ( 15.12000000000000099, 37.19999999999999574, 14.90000000000000036 ) ) ;
#2006 = DIRECTION ( 'NONE',  ( 0.000000000000000000, 0.000000000000000000, -1.000000000000000000 ) ) ;
#2007 = VERTEX_POINT ( 'NONE', #154 ) ;
#2008 = ORIENTED_EDGE ( 'NONE', *, *, #807, .T. ) ;
#2009 = LINE ( 'NONE', #2165, #77 ) ;
#2010 = DIRECTION ( 'NONE',  ( -1.000000000000000000, -0.000000000000000000, -0.000000000000000000 ) ) ;
#2011 = DIRECTION ( 'NONE',  ( -1.000000000000000000, 0.000000000000000000, 0.000000000000000000 ) ) ;
#2012 = AXIS2_PLACEMENT_3D ( 'NONE', #369, #856, #1081 ) ;
#2013 = ORIENTED_EDGE ( 'NONE', *, *, #664, .T. ) ;
#2014 = VECTOR ( 'NONE', #1799, 1000.000000000000000 ) ;
#2015 = VECTOR ( 'NONE', #769, 1000.000000000000000 ) ;
#2016 = CARTESIAN_POINT ( 'NONE',  ( 4.049999999999999822, 26.12999999999999190, 14.90000000000000036 ) ) ;
#2017 = CYLINDRICAL_SURFACE ( 'NONE', #1438, 2.500000000000002220 ) ;
#2018 = AXIS2_PLACEMENT_3D ( 'NONE', #1428, #2187, #341 ) ;
#2019 = VECTOR ( 'NONE', #370, 1000.000000000000000 ) ;
#2020 = EDGE_CURVE ( 'NONE', #71, #255, #1945, .T. ) ;
#2021 = CIRCLE ( 'NONE', #809, 2.250000000000001776 ) ;
#2022 = ORIENTED_EDGE ( 'NONE', *, *, #1779, .F. ) ;
#2023 = ORIENTED_EDGE ( 'NONE', *, *, #240, .F. ) ;
#2024 = DIRECTION ( 'NONE',  ( 0.000000000000000000, 0.000000000000000000, 1.000000000000000000 ) ) ;
#2025 = DIRECTION ( 'NONE',  ( -0.000000000000000000, -0.000000000000000000, 1.000000000000000000 ) ) ;
#2026 = ORIENTED_EDGE ( 'NONE', *, *, #18, .T. ) ;
#2027 = DIRECTION ( 'NONE',  ( 0.000000000000000000, 0.000000000000000000, 1.000000000000000000 ) ) ;
#2028 = EDGE_CURVE ( 'NONE', #2278, #1948, #2055, .T. ) ;
#2029 = LINE ( 'NONE', #1658, #2371 ) ;
#2030 = EDGE_LOOP ( 'NONE', ( #2401, #1865 ) ) ;
#2031 = LINE ( 'NONE', #963, #1349 ) ;
#2032 = ADVANCED_FACE ( 'NONE', ( #1626 ), #2356, .T. ) ;
#2033 = EDGE_CURVE ( 'NONE', #1038, #1218, #2029, .T. ) ;
#2034 = VERTEX_POINT ( 'NONE', #1479 ) ;
#2035 = ORIENTED_EDGE ( 'NONE', *, *, #419, .T. ) ;
#2036 = LINE ( 'NONE', #918, #569 ) ;
#2037 = LINE ( 'NONE', #1454, #473 ) ;
#2038 = ADVANCED_FACE ( 'NONE', ( #549 ), #1932, .T. ) ;
#2039 = ADVANCED_FACE ( 'NONE', ( #1123 ), #1850, .T. ) ;
#2040 = FACE_OUTER_BOUND ( 'NONE', #258, .T. ) ;
#2041 = CYLINDRICAL_SURFACE ( 'NONE', #326, 0.9999999999999995559 ) ;
#2042 = DIRECTION ( 'NONE',  ( 0.000000000000000000, 0.000000000000000000, 1.000000000000000000 ) ) ;
#2043 = EDGE_LOOP ( 'NONE', ( #375, #308, #1416, #965 ) ) ;
#2044 = ADVANCED_FACE ( 'NONE', ( #2217 ), #1886, .T. ) ;
#2045 = ORIENTED_EDGE ( 'NONE', *, *, #1300, .T. ) ;
#2046 = DIRECTION ( 'NONE',  ( 0.000000000000000000, -1.000000000000000000, 0.000000000000000000 ) ) ;
#2047 = CYLINDRICAL_SURFACE ( 'NONE', #2219, 0.1000000000000028644 ) ;
#2048 = EDGE_LOOP ( 'NONE', ( #22, #353, #1449, #1600 ) ) ;
#2049 = PRODUCT_CONTEXT ( 'NONE', #2235, 'mechanical' ) ;
#2050 = VERTEX_POINT ( 'NONE', #1281 ) ;
#2051 = DIRECTION ( 'NONE',  ( -1.000000000000000000, 0.000000000000000000, 0.000000000000000000 ) ) ;
#2052 = DIRECTION ( 'NONE',  ( 0.000000000000000000, 0.000000000000000000, 1.000000000000000000 ) ) ;
#2053 = ORIENTED_EDGE ( 'NONE', *, *, #1161, .F. ) ;
#2054 = VECTOR ( 'NONE', #2206, 1000.000000000000000 ) ;
#2055 = CIRCLE ( 'NONE', #469, 0.2500000000000002220 ) ;
#2056 = CIRCLE ( 'NONE', #805, 2.000000000000000000 ) ;
#2057 = AXIS2_PLACEMENT_3D ( 'NONE', #1761, #637, #1181 ) ;
#2058 = AXIS2_PLACEMENT_3D ( 'NONE', #1093, #24, #890 ) ;
#2059 = ORIENTED_EDGE ( 'NONE', *, *, #378, .T. ) ;
#2060 = AXIS2_PLACEMENT_3D ( 'NONE', #1372, #601, #941 ) ;
#2061 = AXIS2_PLACEMENT_3D ( 'NONE', #1025, #1918, #262 ) ;
#2062 = CARTESIAN_POINT ( 'NONE',  ( 47.27999999999999403, 3.499999999999996003, 12.90000000000000036 ) ) ;
#2063 = CARTESIAN_POINT ( 'NONE',  ( 53.84999999999999432, 5.999999999999994671, 19.14999999999999858 ) ) ;
#2064 = EDGE_LOOP ( 'NONE', ( #1350, #2302, #1204, #2239 ) ) ;
#2065 = ORIENTED_EDGE ( 'NONE', *, *, #1858, .F. ) ;
#2066 = EDGE_CURVE ( 'NONE', #1940, #1137, #1466, .T. ) ;
#2067 = CARTESIAN_POINT ( 'NONE',  ( 53.94999999999999574, 34.69999999999998863, 3.499999999999999556 ) ) ;
#2068 = DIRECTION ( 'NONE',  ( 0.000000000000000000, -1.000000000000000000, 0.000000000000000000 ) ) ;
#2069 = VERTEX_POINT ( 'NONE', #2074 ) ;
#2070 = DIRECTION ( 'NONE',  ( -1.000000000000000000, -0.000000000000000000, -0.000000000000000000 ) ) ;
#2071 = LINE ( 'NONE', #460, #1436 ) ;
#2072 = ORIENTED_EDGE ( 'NONE', *, *, #1697, .F. ) ;
#2073 = CARTESIAN_POINT ( 'NONE',  ( 53.84999999999998010, 5.899999999999995914, 19.14999999999999858 ) ) ;
#2074 = CARTESIAN_POINT ( 'NONE',  ( 5.449999999999999289, 34.69999999999991758, 2.500000000000000888 ) ) ;
#2075 = ADVANCED_FACE ( 'NONE', ( #1139 ), #17, .T. ) ;
#2076 = CARTESIAN_POINT ( 'NONE',  ( 3.500000000000000000, 40.70000000000000284, 4.900000000000000355 ) ) ;
#2077 = ORIENTED_EDGE ( 'NONE', *, *, #146, .T. ) ;
#2078 = VERTEX_POINT ( 'NONE', #406 ) ;
#2079 = DIRECTION ( 'NONE',  ( 0.000000000000000000, 1.000000000000000000, -0.000000000000000000 ) ) ;
#2080 = LINE ( 'NONE', #2263, #1346 ) ;
#2081 = ORIENTED_EDGE ( 'NONE', *, *, #240, .T. ) ;
#2082 = ORIENTED_EDGE ( 'NONE', *, *, #282, .T. ) ;
#2083 = DIRECTION ( 'NONE',  ( 0.000000000000000000, -0.000000000000000000, 1.000000000000000000 ) ) ;
#2084 = DIRECTION ( 'NONE',  ( 0.000000000000000000, -1.000000000000000000, 0.000000000000000000 ) ) ;
#2085 = CARTESIAN_POINT ( 'NONE',  ( 3.500000000000000000, 38.29999999999999716, 2.500000000000000888 ) ) ;
#2086 = DIRECTION ( 'NONE',  ( -0.000000000000000000, -0.000000000000000000, -1.000000000000000000 ) ) ;
#2087 = VECTOR ( 'NONE', #644, 1000.000000000000000 ) ;
#2088 = ORIENTED_EDGE ( 'NONE', *, *, #497, .T. ) ;
#2089 = ADVANCED_FACE ( 'NONE', ( #1302 ), #2041, .T. ) ;
#2090 = EDGE_CURVE ( 'NONE', #681, #581, #1874, .T. ) ;
#2091 = CIRCLE ( 'NONE', #1077, 2.000000000000000000 ) ;
#2092 = ORIENTED_EDGE ( 'NONE', *, *, #1696, .F. ) ;
#2093 = VECTOR ( 'NONE', #528, 1000.000000000000000 ) ;
#2094 = AXIS2_PLACEMENT_3D ( 'NONE', #86, #410, #254 ) ;
#2095 = AXIS2_PLACEMENT_3D ( 'NONE', #502, #347, #328 ) ;
#2096 = VECTOR ( 'NONE', #1662, 1000.000000000000000 ) ;
#2097 = CARTESIAN_POINT ( 'NONE',  ( 4.049999999999999822, 14.56999999999999673, 12.90000000000000036 ) ) ;
#2098 = CARTESIAN_POINT ( 'NONE',  ( 57.99999999999999289, 37.19999999999999574, 2.500000000000000888 ) ) ;
#2099 = ORIENTED_EDGE ( 'NONE', *, *, #616, .T. ) ;
#2100 = VERTEX_POINT ( 'NONE', #754 ) ;
#2101 = EDGE_CURVE ( 'NONE', #2000, #1179, #231, .T. ) ;
#2102 = EDGE_CURVE ( 'NONE', #681, #461, #2231, .T. ) ;
#2103 = ORIENTED_EDGE ( 'NONE', *, *, #149, .T. ) ;
#2104 = LINE ( 'NONE', #636, #368 ) ;
#2105 = CARTESIAN_POINT ( 'NONE',  ( 3.500000000000000000, 2.399999999999999911, 4.900000000000000355 ) ) ;
#2106 = DIRECTION ( 'NONE',  ( 0.000000000000000000, 0.000000000000000000, 1.000000000000000000 ) ) ;
#2107 = DIRECTION ( 'NONE',  ( -0.000000000000000000, -0.000000000000000000, -1.000000000000000000 ) ) ;
#2108 = ORIENTED_EDGE ( 'NONE', *, *, #1048, .F. ) ;
#2109 = EDGE_CURVE ( 'NONE', #1327, #1410, #722, .T. ) ;
#2110 = CARTESIAN_POINT ( 'NONE',  ( 56.34999999999999432, 12.31999999999999673, 4.900000000000000355 ) ) ;
#2111 = CARTESIAN_POINT ( 'NONE',  ( 5.449999999999999289, 34.69999999999998863, 3.500000000000000888 ) ) ;
#2112 = ORIENTED_EDGE ( 'NONE', *, *, #2228, .T. ) ;
#2113 = ORIENTED_EDGE ( 'NONE', *, *, #2149, .T. ) ;
#2114 = ORIENTED_EDGE ( 'NONE', *, *, #1972, .F. ) ;
#2115 = DIRECTION ( 'NONE',  ( 0.000000000000000000, 0.000000000000000000, 1.000000000000000000 ) ) ;
#2116 = CARTESIAN_POINT ( 'NONE',  ( 4.049999999999998046, 28.62999999999999545, 12.90000000000000036 ) ) ;
#2117 = PLANE ( 'NONE',  #426 ) ;
#2118 = DIRECTION ( 'NONE',  ( 1.000000000000000000, 0.000000000000000000, 0.000000000000000000 ) ) ;
#2119 = ORIENTED_EDGE ( 'NONE', *, *, #2222, .T. ) ;
#2120 = EDGE_CURVE ( 'NONE', #1027, #58, #540, .T. ) ;
#2121 = ORIENTED_EDGE ( 'NONE', *, *, #147, .T. ) ;
#2122 = DIRECTION ( 'NONE',  ( 0.000000000000000000, -1.000000000000000000, 0.000000000000000000 ) ) ;
#2123 = ORIENTED_EDGE ( 'NONE', *, *, #1765, .T. ) ;
#2124 = ORIENTED_EDGE ( 'NONE', *, *, #1334, .F. ) ;
#2125 = CARTESIAN_POINT ( 'NONE',  ( 47.52999999999999403, 37.19999999999999574, 12.90000000000000036 ) ) ;
#2126 = DIRECTION ( 'NONE',  ( 0.000000000000000000, 0.000000000000000000, -1.000000000000000000 ) ) ;
#2127 = DIRECTION ( 'NONE',  ( -0.000000000000000000, -0.000000000000000000, 1.000000000000000000 ) ) ;
#2128 = DIRECTION ( 'NONE',  ( 0.000000000000000000, 0.000000000000000000, -1.000000000000000000 ) ) ;
#2129 = ORIENTED_EDGE ( 'NONE', *, *, #1876, .T. ) ;
#2130 = ORIENTED_EDGE ( 'NONE', *, *, #596, .T. ) ;
#2131 = AXIS2_PLACEMENT_3D ( 'NONE', #1232, #1461, #1795 ) ;
#2132 = CIRCLE ( 'NONE', #1005, 0.1000000000000028644 ) ;
#2133 = CARTESIAN_POINT ( 'NONE',  ( 56.34999999999999432, 28.62999999999999901, 12.90000000000000036 ) ) ;
#2134 = PRESENTATION_STYLE_ASSIGNMENT (( #1989 ) ) ;
#2135 = CIRCLE ( 'NONE', #2254, 2.000000000000000000 ) ;
#2136 = ORIENTED_EDGE ( 'NONE', *, *, #21, .T. ) ;
#2137 = CIRCLE ( 'NONE', #233, 0.9999999999999995559 ) ;
#2138 = CIRCLE ( 'NONE', #1854, 2.500000000000002220 ) ;
#2139 = VERTEX_POINT ( 'NONE', #743 ) ;
#2140 = AXIS2_PLACEMENT_3D ( 'NONE', #697, #1440, #825 ) ;
#2141 = CARTESIAN_POINT ( 'NONE',  ( 3.500000000000000000, 3.500000000000000000, 0.000000000000000000 ) ) ;
#2142 = ORIENTED_EDGE ( 'NONE', *, *, #1178, .F. ) ;
#2143 = CARTESIAN_POINT ( 'NONE',  ( 4.049999999999999822, 5.999999999999995559, 19.14999999999999858 ) ) ;
#2144 = EDGE_CURVE ( 'NONE', #727, #634, #1345, .T. ) ;
#2145 = ADVANCED_FACE ( 'NONE', ( #202 ), #1673, .F. ) ;
#2146 = CARTESIAN_POINT ( 'NONE',  ( 56.34999999999999432, 12.06999999999999318, 14.90000000000000036 ) ) ;
#2147 = VERTEX_POINT ( 'NONE', #2266 ) ;
#2148 = VERTEX_POINT ( 'NONE', #587 ) ;
#2149 = EDGE_CURVE ( 'NONE', #759, #89, #414, .T. ) ;
#2150 = CARTESIAN_POINT ( 'NONE',  ( 6.549999999999999822, 34.69999999999999574, 3.499999999999999556 ) ) ;
#2151 = DIRECTION ( 'NONE',  ( 1.000000000000000000, 0.000000000000000000, -0.000000000000000000 ) ) ;
#2152 = ORIENTED_EDGE ( 'NONE', *, *, #1765, .F. ) ;
#2153 = VERTEX_POINT ( 'NONE', #2306 ) ;
#2154 = VERTEX_POINT ( 'NONE', #820 ) ;
#2155 = DIRECTION ( 'NONE',  ( -0.000000000000000000, -0.000000000000000000, 1.000000000000000000 ) ) ;
#2156 = LINE ( 'NONE', #130, #915 ) ;
#2157 = LINE ( 'NONE', #1642, #1343 ) ;
#2158 = CARTESIAN_POINT ( 'NONE',  ( 3.500000000000000000, 37.19999999999999574, 4.900000000000000355 ) ) ;
#2159 = ORIENTED_EDGE ( 'NONE', *, *, #340, .F. ) ;
#2160 = ADVANCED_FACE ( 'NONE', ( #425 ), #51, .T. ) ;
#2161 = ORIENTED_EDGE ( 'NONE', *, *, #1727, .F. ) ;
#2162 = FACE_OUTER_BOUND ( 'NONE', #1106, .T. ) ;
#2163 =( NAMED_UNIT ( * ) PLANE_ANGLE_UNIT ( ) SI_UNIT ( $, .RADIAN. ) );
#2164 = ORIENTED_EDGE ( 'NONE', *, *, #386, .F. ) ;
#2165 = CARTESIAN_POINT ( 'NONE',  ( 0.000000000000000000, 2.399999999999999911, 2.500000000000000888 ) ) ;
#2166 = CARTESIAN_POINT ( 'NONE',  ( 4.049999999999999822, 28.12999999999999545, 14.90000000000000036 ) ) ;
#2167 = CARTESIAN_POINT ( 'NONE',  ( 60.39999999999999858, 37.19999999999999574, 4.900000000000000355 ) ) ;
#2168 = EDGE_CURVE ( 'NONE', #57, #1835, #1506, .T. ) ;
#2169 = CYLINDRICAL_SURFACE ( 'NONE', #2294, 0.1000000000000002554 ) ;
#2170 = CARTESIAN_POINT ( 'NONE',  ( 4.049999999999998046, 28.37999999999999545, 14.90000000000000036 ) ) ;
#2171 = EDGE_CURVE ( 'NONE', #1400, #1755, #1731, .T. ) ;
#2172 = ORIENTED_EDGE ( 'NONE', *, *, #1866, .F. ) ;
#2173 = ORIENTED_EDGE ( 'NONE', *, *, #1845, .F. ) ;
#2174 = EDGE_CURVE ( 'NONE', #1085, #2050, #1469, .T. ) ;
#2175 = EDGE_CURVE ( 'NONE', #1558, #1186, #1944, .T. ) ;
#2176 = DIRECTION ( 'NONE',  ( -1.000000000000000000, 0.000000000000000000, -0.000000000000000000 ) ) ;
#2177 = CIRCLE ( 'NONE', #1305, 0.2500000000000019429 ) ;
#2178 = AXIS2_PLACEMENT_3D ( 'NONE', #1566, #115, #2318 ) ;
#2179 = CIRCLE ( 'NONE', #316, 2.250000000000001776 ) ;
#2180 = AXIS2_PLACEMENT_3D ( 'NONE', #1499, #2252, #1108 ) ;
#2181 = CIRCLE ( 'NONE', #656, 1.100000000000000311 ) ;
#2182 = CARTESIAN_POINT ( 'NONE',  ( 56.59999999999999432, 12.31999999999999673, 14.90000000000000036 ) ) ;
#2183 = CARTESIAN_POINT ( 'NONE',  ( 53.84999999999999432, 37.19999999999999574, 4.900000000000000355 ) ) ;
#2184 = ADVANCED_FACE ( 'NONE', ( #1953 ), #1660, .T. ) ;
#2185 = DIRECTION ( 'NONE',  ( 0.000000000000000000, 0.000000000000000000, 1.000000000000000000 ) ) ;
#2186 = AXIS2_PLACEMENT_3D ( 'NONE', #322, #1756, #1794 ) ;
#2187 = DIRECTION ( 'NONE',  ( -0.000000000000000000, -0.000000000000000000, 1.000000000000000000 ) ) ;
#2188 = AXIS2_PLACEMENT_3D ( 'NONE', #484, #793, #1379 ) ;
#2189 = CARTESIAN_POINT ( 'NONE',  ( 47.52999999999999403, 3.499999999999996003, 12.90000000000000036 ) ) ;
#2190 = ORIENTED_EDGE ( 'NONE', *, *, #1876, .F. ) ;
#2191 = DIRECTION ( 'NONE',  ( 0.000000000000000000, 0.000000000000000000, 1.000000000000000000 ) ) ;
#2192 = DIRECTION ( 'NONE',  ( 1.000000000000000000, -0.000000000000000000, 0.000000000000000000 ) ) ;
#2193 = DIRECTION ( 'NONE',  ( 0.000000000000000000, 0.000000000000000000, -1.000000000000000000 ) ) ;
#2194 = DIRECTION ( 'NONE',  ( -1.000000000000000000, 0.000000000000000000, -0.000000000000000000 ) ) ;
#2195 = DIRECTION ( 'NONE',  ( -1.000000000000000000, 0.000000000000000000, 0.000000000000000000 ) ) ;
#2196 = ADVANCED_FACE ( 'NONE', ( #248 ), #973, .T. ) ;
#2197 = DIRECTION ( 'NONE',  ( -1.000000000000000000, -0.000000000000000000, -0.000000000000000000 ) ) ;
#2198 = FACE_OUTER_BOUND ( 'NONE', #1870, .T. ) ;
#2199 = EDGE_LOOP ( 'NONE', ( #1650, #488, #1363, #116, #1254, #1494, #2205, #2099 ) ) ;
#2200 = ADVANCED_FACE ( 'NONE', ( #1534 ), #695, .T. ) ;
#2201 = DIRECTION ( 'NONE',  ( -1.000000000000000000, 0.000000000000000000, 0.000000000000000000 ) ) ;
#2202 = CARTESIAN_POINT ( 'NONE',  ( 6.549999999999999822, 34.69999999999999574, 2.500000000000000888 ) ) ;
#2203 = LINE ( 'NONE', #311, #914 ) ;
#2204 = CARTESIAN_POINT ( 'NONE',  ( 57.99999999999999289, 3.500000000000000000, 2.500000000000000888 ) ) ;
#2205 = ORIENTED_EDGE ( 'NONE', *, *, #1578, .T. ) ;
#2206 = DIRECTION ( 'NONE',  ( 1.000000000000000000, 0.000000000000000000, 0.000000000000000000 ) ) ;
#2207 = LINE ( 'NONE', #11, #995 ) ;
#2208 = LINE ( 'NONE', #545, #1079 ) ;
#2209 = CIRCLE ( 'NONE', #2332, 2.250000000000001776 ) ;
#2210 = VERTEX_POINT ( 'NONE', #1352 ) ;
#2211 = AXIS2_PLACEMENT_3D ( 'NONE', #567, #631, #1933 ) ;
#2212 = AXIS2_PLACEMENT_3D ( 'NONE', #1012, #91, #1564 ) ;
#2213 = VECTOR ( 'NONE', #1705, 1000.000000000000000 ) ;
#2214 = EDGE_CURVE ( 'NONE', #1512, #1615, #1573, .T. ) ;
#2215 = EDGE_CURVE ( 'NONE', #13, #1137, #1892, .T. ) ;
#2216 = CARTESIAN_POINT ( 'NONE',  ( 3.799999999999998934, 12.31999999999999673, 14.90000000000000036 ) ) ;
#2217 = FACE_OUTER_BOUND ( 'NONE', #920, .T. ) ;
#2218 = AXIS2_PLACEMENT_3D ( 'NONE', #2251, #1648, #1672 ) ;
#2219 = AXIS2_PLACEMENT_3D ( 'NONE', #2063, #898, #209 ) ;
#2220 = VECTOR ( 'NONE', #2176, 1000.000000000000000 ) ;
#2221 = ORIENTED_EDGE ( 'NONE', *, *, #134, .F. ) ;
#2222 = EDGE_CURVE ( 'NONE', #404, #1940, #392, .T. ) ;
#2223 = ORIENTED_EDGE ( 'NONE', *, *, #45, .T. ) ;
#2224 = DIRECTION ( 'NONE',  ( 0.000000000000000000, 0.000000000000000000, -1.000000000000000000 ) ) ;
#2225 = CARTESIAN_POINT ( 'NONE',  ( 45.27999999999999403, 3.499999999999996003, 4.900000000000001243 ) ) ;
#2226 = ORIENTED_EDGE ( 'NONE', *, *, #2397, .F. ) ;
#2227 = DIRECTION ( 'NONE',  ( 1.000000000000000000, 0.000000000000000000, 0.000000000000000000 ) ) ;
#2228 = EDGE_CURVE ( 'NONE', #1923, #1166, #954, .T. ) ;
#2229 = CIRCLE ( 'NONE', #1189, 2.250000000000000444 ) ;
#2230 = LINE ( 'NONE', #16, #1893 ) ;
#2231 = LINE ( 'NONE', #1290, #317 ) ;
#2232 = FACE_OUTER_BOUND ( 'NONE', #1538, .T. ) ;
#2233 = EDGE_CURVE ( 'NONE', #461, #1369, #1390, .T. ) ;
#2234 = VERTEX_POINT ( 'NONE', #271 ) ;
#2235 = APPLICATION_CONTEXT ( 'automotive_design' ) ;
#2236 = VERTEX_POINT ( 'NONE', #1751 ) ;
#2237 = FACE_OUTER_BOUND ( 'NONE', #1766, .T. ) ;
#2238 = FACE_OUTER_BOUND ( 'NONE', #43, .T. ) ;
#2239 = ORIENTED_EDGE ( 'NONE', *, *, #729, .F. ) ;
#2240 = ORIENTED_EDGE ( 'NONE', *, *, #2033, .F. ) ;
#2241 = LINE ( 'NONE', #922, #151 ) ;
#2242 = CARTESIAN_POINT ( 'NONE',  ( 56.34999999999999432, 12.31999999999999673, 14.90000000000000036 ) ) ;
#2243 = DIRECTION ( 'NONE',  ( 8.673617379884027583E-15, -1.000000000000000000, 0.000000000000000000 ) ) ;
#2244 = ORIENTED_EDGE ( 'NONE', *, *, #716, .F. ) ;
#2245 = EDGE_CURVE ( 'NONE', #1369, #1791, #2373, .T. ) ;
#2246 = ADVANCED_FACE ( 'NONE', ( #1377 ), #465, .T. ) ;
#2247 = ORIENTED_EDGE ( 'NONE', *, *, #9, .F. ) ;
#2248 = DIRECTION ( 'NONE',  ( -1.000000000000000000, 0.000000000000000000, -0.000000000000000000 ) ) ;
#2249 = FACE_OUTER_BOUND ( 'NONE', #1956, .T. ) ;
#2250 = EDGE_CURVE ( 'NONE', #1095, #71, #608, .T. ) ;
#2251 = CARTESIAN_POINT ( 'NONE',  ( 47.52999999999999403, 3.499999999999996003, 14.90000000000000036 ) ) ;
#2252 = DIRECTION ( 'NONE',  ( -0.000000000000000000, -0.000000000000000000, 1.000000000000000000 ) ) ;
#2253 = TOROIDAL_SURFACE ( 'NONE', #1777, 0.2500000000000006661, 2.000000000000000000 ) ;
#2254 = AXIS2_PLACEMENT_3D ( 'NONE', #1708, #2307, #249 ) ;
#2255 = AXIS2_PLACEMENT_3D ( 'NONE', #2378, #1603, #1221 ) ;
#2256 = AXIS2_PLACEMENT_3D ( 'NONE', #1646, #2025, #568 ) ;
#2257 = CARTESIAN_POINT ( 'NONE',  ( 0.000000000000000000, 0.000000000000000000, 0.000000000000000000 ) ) ;
#2258 = EDGE_LOOP ( 'NONE', ( #1368, #2081, #1842, #220, #1326, #2264, #537, #1530, #2269, #661, #1337, #1042, #1373, #1767, #155, #307 ) ) ;
#2259 = VECTOR ( 'NONE', #1342, 1000.000000000000000 ) ;
#2260 = DIRECTION ( 'NONE',  ( -0.000000000000000000, 0.000000000000000000, 1.000000000000000000 ) ) ;
#2261 = VERTEX_POINT ( 'NONE', #492 ) ;
#2262 = CARTESIAN_POINT ( 'NONE',  ( 6.449999999999999289, 3.499999999999996003, 3.499999999999999556 ) ) ;
#2263 = CARTESIAN_POINT ( 'NONE',  ( 0.000000000000000000, 37.19999999999999574, 4.900000000000000355 ) ) ;
#2264 = ORIENTED_EDGE ( 'NONE', *, *, #2020, .T. ) ;
#2265 = PLANE ( 'NONE',  #1598 ) ;
#2266 = CARTESIAN_POINT ( 'NONE',  ( 4.049999999999999822, 12.56999999999999673, 14.90000000000000036 ) ) ;
#2267 = CARTESIAN_POINT ( 'NONE',  ( 47.27999999999999403, 37.19999999999999574, 14.90000000000000036 ) ) ;
#2268 = ORIENTED_EDGE ( 'NONE', *, *, #2391, .F. ) ;
#2269 = ORIENTED_EDGE ( 'NONE', *, *, #1500, .T. ) ;
#2270 = FACE_OUTER_BOUND ( 'NONE', #566, .T. ) ;
#2271 = DIRECTION ( 'NONE',  ( -1.000000000000000000, 0.000000000000000000, 0.000000000000000000 ) ) ;
#2272 = VERTEX_POINT ( 'NONE', #1061 ) ;
#2273 = CARTESIAN_POINT ( 'NONE',  ( 47.27999999999999403, 3.499999999999996003, 14.90000000000000036 ) ) ;
#2274 = CARTESIAN_POINT ( 'NONE',  ( 56.34999999999999432, 5.999999999999994671, 19.14999999999999858 ) ) ;
#2275 = ADVANCED_FACE ( 'NONE', ( #166 ), #1051, .T. ) ;
#2276 = CARTESIAN_POINT ( 'NONE',  ( 0.000000000000000000, 0.000000000000000000, 4.900000000000000355 ) ) ;
#2277 = LINE ( 'NONE', #1317, #1548 ) ;
#2278 = VERTEX_POINT ( 'NONE', #1234 ) ;
#2279 = ORIENTED_EDGE ( 'NONE', *, *, #2368, .T. ) ;
#2280 = DIRECTION ( 'NONE',  ( 0.000000000000000000, -0.000000000000000000, -1.000000000000000000 ) ) ;
#2281 = DIRECTION ( 'NONE',  ( -1.000000000000000000, 0.000000000000000000, 0.000000000000000000 ) ) ;
#2282 = ORIENTED_EDGE ( 'NONE', *, *, #2354, .T. ) ;
#2283 = ORIENTED_EDGE ( 'NONE', *, *, #791, .T. ) ;
#2284 = VERTEX_POINT ( 'NONE', #2004 ) ;
#2285 = CARTESIAN_POINT ( 'NONE',  ( 47.77999999999999403, 37.19999999999999574, 12.90000000000000036 ) ) ;
#2286 = ADVANCED_FACE ( 'NONE', ( #710 ), #1806, .T. ) ;
#2287 = EDGE_CURVE ( 'NONE', #1647, #1825, #1308, .T. ) ;
#2288 = CARTESIAN_POINT ( 'NONE',  ( 56.34999999999999432, 12.56999999999999851, 12.90000000000000036 ) ) ;
#2289 = FACE_OUTER_BOUND ( 'NONE', #459, .T. ) ;
#2290 = AXIS2_PLACEMENT_3D ( 'NONE', #774, #1162, #1685 ) ;
#2291 = AXIS2_PLACEMENT_3D ( 'NONE', #832, #1003, #650 ) ;
#2292 = VERTEX_POINT ( 'NONE', #329 ) ;
#2293 = ADVANCED_FACE ( 'NONE', ( #1612 ), #1628, .T. ) ;
#2294 = AXIS2_PLACEMENT_3D ( 'NONE', #878, #1251, #1223 ) ;
#2295 = ORIENTED_EDGE ( 'NONE', *, *, #702, .F. ) ;
#2296 = AXIS2_PLACEMENT_3D ( 'NONE', #1770, #113, #339 ) ;
#2297 = TOROIDAL_SURFACE ( 'NONE', #1546, 0.2500000000000028311, 2.000000000000000000 ) ;
#2298 = TOROIDAL_SURFACE ( 'NONE', #284, 0.2500000000000028311, 2.000000000000000000 ) ;
#2299 = VECTOR ( 'NONE', #823, 1000.000000000000000 ) ;
#2300 = CARTESIAN_POINT ( 'NONE',  ( 4.049999999999999822, 30.62999999999999901, 12.90000000000000036 ) ) ;
#2301 = LINE ( 'NONE', #798, #1824 ) ;
#2302 = ORIENTED_EDGE ( 'NONE', *, *, #1732, .F. ) ;
#2303 = EDGE_LOOP ( 'NONE', ( #1209, #177, #931, #343, #1738, #1398, #98, #2119, #109, #773, #1704, #1715, #2304, #7, #1134, #772 ) ) ;
#2304 = ORIENTED_EDGE ( 'NONE', *, *, #1086, .F. ) ;
#2305 = DIRECTION ( 'NONE',  ( 1.000000000000000000, 0.000000000000000000, 0.000000000000000000 ) ) ;
#2306 = CARTESIAN_POINT ( 'NONE',  ( 2.399999999999999911, 37.19999999999999574, 2.500000000000000888 ) ) ;
#2307 = DIRECTION ( 'NONE',  ( 1.000000000000000000, 0.000000000000000000, 0.000000000000000000 ) ) ;
#2308 = CARTESIAN_POINT ( 'NONE',  ( 2.399999999999999911, 0.000000000000000000, 2.500000000000000888 ) ) ;
#2309 = ORIENTED_EDGE ( 'NONE', *, *, #2250, .T. ) ;
#2310 = ORIENTED_EDGE ( 'NONE', *, *, #2101, .T. ) ;
#2311 = DIRECTION ( 'NONE',  ( 0.000000000000000000, 0.000000000000000000, -1.000000000000000000 ) ) ;
#2312 = VERTEX_POINT ( 'NONE', #1797 ) ;
#2313 = ORIENTED_EDGE ( 'NONE', *, *, #1222, .F. ) ;
#2314 = ORIENTED_EDGE ( 'NONE', *, *, #1340, .F. ) ;
#2315 = DIRECTION ( 'NONE',  ( 0.000000000000000000, 0.000000000000000000, 1.000000000000000000 ) ) ;
#2316 = CARTESIAN_POINT ( 'NONE',  ( 49.78000000000000114, 37.19999999999999574, 14.90000000000000036 ) ) ;
#2317 = DIRECTION ( 'NONE',  ( 0.000000000000000000, -1.000000000000000000, 0.000000000000000000 ) ) ;
#2318 = DIRECTION ( 'NONE',  ( -1.000000000000000000, 0.000000000000000000, 0.000000000000000000 ) ) ;
#2319 = ORIENTED_EDGE ( 'NONE', *, *, #557, .F. ) ;
#2320 = ORIENTED_EDGE ( 'NONE', *, *, #246, .F. ) ;
#2321 = ADVANCED_FACE ( 'NONE', ( #1413 ), #1071, .T. ) ;
#2322 = EDGE_CURVE ( 'NONE', #2148, #551, #1967, .T. ) ;
#2323 = CARTESIAN_POINT ( 'NONE',  ( 56.89999999999999147, 2.399999999999999911, 2.500000000000000888 ) ) ;
#2324 = ORIENTED_EDGE ( 'NONE', *, *, #134, .T. ) ;
#2325 = VERTEX_POINT ( 'NONE', #2167 ) ;
#2326 = CARTESIAN_POINT ( 'NONE',  ( 3.799999999999996714, 28.37999999999999545, 14.90000000000000036 ) ) ;
#2327 = PLANE ( 'NONE',  #542 ) ;
#2328 = DIRECTION ( 'NONE',  ( 0.000000000000000000, 0.000000000000000000, -1.000000000000000000 ) ) ;
#2329 = CARTESIAN_POINT ( 'NONE',  ( 4.049999999999999822, 12.31999999999999673, 14.90000000000000036 ) ) ;
#2330 = CARTESIAN_POINT ( 'NONE',  ( 4.049999999999999822, 12.31999999999999673, 12.90000000000000036 ) ) ;
#2331 = ORIENTED_EDGE ( 'NONE', *, *, #730, .F. ) ;
#2332 = AXIS2_PLACEMENT_3D ( 'NONE', #1049, #501, #1411 ) ;
#2333 = VECTOR ( 'NONE', #2280, 1000.000000000000000 ) ;
#2334 = AXIS2_PLACEMENT_3D ( 'NONE', #103, #2328, #646 ) ;
#2335 = FACE_OUTER_BOUND ( 'NONE', #1684, .T. ) ;
#2336 = TOROIDAL_SURFACE ( 'NONE', #541, 0.2500000000000006661, 2.000000000000000000 ) ;
#2337 = ORIENTED_EDGE ( 'NONE', *, *, #1748, .F. ) ;
#2338 = AXIS2_PLACEMENT_3D ( 'NONE', #1135, #218, #1911 ) ;
#2339 = ORIENTED_EDGE ( 'NONE', *, *, #1340, .T. ) ;
#2340 = CIRCLE ( 'NONE', #239, 1.000000000000000888 ) ;
#2341 = DIRECTION ( 'NONE',  ( -0.000000000000000000, -0.000000000000000000, -1.000000000000000000 ) ) ;
#2342 = CYLINDRICAL_SURFACE ( 'NONE', #1894, 2.250000000000001776 ) ;
#2343 = CARTESIAN_POINT ( 'NONE',  ( 4.049999999999999822, 3.499999999999996003, 4.900000000000000355 ) ) ;
#2344 = CARTESIAN_POINT ( 'NONE',  ( 6.549999999999998934, 5.999999999999995559, 3.499999999999999556 ) ) ;
#2345 = CARTESIAN_POINT ( 'NONE',  ( 56.34999999999999432, 12.31999999999999673, 12.90000000000000036 ) ) ;
#2346 = ORIENTED_EDGE ( 'NONE', *, *, #665, .T. ) ;
#2347 = ORIENTED_EDGE ( 'NONE', *, *, #616, .F. ) ;
#2348 = DIRECTION ( 'NONE',  ( 0.000000000000000000, 1.000000000000000000, 0.000000000000000000 ) ) ;
#2349 = VERTEX_POINT ( 'NONE', #663 ) ;
#2350 = CYLINDRICAL_SURFACE ( 'NONE', #1426, 3.500000000000003109 ) ;
#2351 = CARTESIAN_POINT ( 'NONE',  ( 60.39999999999999858, 37.19999999999999574, 0.000000000000000000 ) ) ;
#2352 = DIRECTION ( 'NONE',  ( 1.000000000000000000, 0.000000000000000000, 0.000000000000000000 ) ) ;
#2353 = EDGE_CURVE ( 'NONE', #2292, #2100, #891, .T. ) ;
#2354 = EDGE_CURVE ( 'NONE', #1179, #2034, #1937, .T. ) ;
#2355 = DIRECTION ( 'NONE',  ( -1.000000000000000000, 0.000000000000000000, 0.000000000000000000 ) ) ;
#2356 = CYLINDRICAL_SURFACE ( 'NONE', #571, 2.250000000000001776 ) ;
#2357 = ORIENTED_EDGE ( 'NONE', *, *, #1798, .T. ) ;
#2358 = ORIENTED_EDGE ( 'NONE', *, *, #1958, .T. ) ;
#2359 = EDGE_CURVE ( 'NONE', #1856, #1085, #766, .T. ) ;
#2360 = CYLINDRICAL_SURFACE ( 'NONE', #883, 2.250000000000000444 ) ;
#2361 = CARTESIAN_POINT ( 'NONE',  ( 3.500000000000000000, 2.399999999999999911, 2.500000000000000888 ) ) ;
#2362 = DIRECTION ( 'NONE',  ( 1.000000000000000000, 0.000000000000000000, -0.000000000000000000 ) ) ;
#2363 = DIRECTION ( 'NONE',  ( -1.000000000000000000, 0.000000000000000000, 0.000000000000000000 ) ) ;
#2364 = DIRECTION ( 'NONE',  ( -0.000000000000000000, -0.000000000000000000, -1.000000000000000000 ) ) ;
#2365 = DIRECTION ( 'NONE',  ( 0.000000000000000000, 0.000000000000000000, 1.000000000000000000 ) ) ;
#2366 = DIRECTION ( 'NONE',  ( -0.000000000000000000, -0.000000000000000000, -1.000000000000000000 ) ) ;
#2367 = ORIENTED_EDGE ( 'NONE', *, *, #1196, .F. ) ;
#2368 = EDGE_CURVE ( 'NONE', #634, #1038, #2156, .T. ) ;
#2369 = LINE ( 'NONE', #1934, #1080 ) ;
#2370 = VECTOR ( 'NONE', #1619, 1000.000000000000000 ) ;
#2371 = VECTOR ( 'NONE', #1514, 1000.000000000000000 ) ;
#2372 = AXIS2_PLACEMENT_3D ( 'NONE', #736, #1057, #1813 ) ;
#2373 = CIRCLE ( 'NONE', #2212, 2.500000000000000444 ) ;
#2374 = CIRCLE ( 'NONE', #2095, 2.250000000000001776 ) ;
#2375 = CARTESIAN_POINT ( 'NONE',  ( 4.049999999999999822, 26.12999999999999190, 12.90000000000000036 ) ) ;
#2376 = CARTESIAN_POINT ( 'NONE',  ( 1.799999999999999156, 12.31999999999999673, 12.90000000000000036 ) ) ;
#2377 = CARTESIAN_POINT ( 'NONE',  ( 6.549999999999998934, 5.999999999999995559, 3.499999999999999556 ) ) ;
#2378 = CARTESIAN_POINT ( 'NONE',  ( 4.049999999999999822, 5.899999999999995914, 19.14999999999999858 ) ) ;
#2379 = AXIS2_PLACEMENT_3D ( 'NONE', #380, #1487, #2227 ) ;
#2380 = STYLED_ITEM ( 'NONE', ( #2134 ), #1585 ) ;
#2381 = CARTESIAN_POINT ( 'NONE',  ( 4.049999999999999822, 37.19999999999999574, 4.900000000000000355 ) ) ;
#2382 = CIRCLE ( 'NONE', #1076, 2.500000000000002220 ) ;
#2383 = DIRECTION ( 'NONE',  ( -1.000000000000000000, 0.000000000000000000, 0.000000000000000000 ) ) ;
#2384 = ORIENTED_EDGE ( 'NONE', *, *, #1957, .T. ) ;
#2385 = DIRECTION ( 'NONE',  ( -1.000000000000000000, 0.000000000000000000, 0.000000000000000000 ) ) ;
#2386 = CARTESIAN_POINT ( 'NONE',  ( 54.94999999999999574, 5.999999999999993783, 2.500000000000000888 ) ) ;
#2387 = DIRECTION ( 'NONE',  ( -0.000000000000000000, -0.000000000000000000, 1.000000000000000000 ) ) ;
#2388 = CARTESIAN_POINT ( 'NONE',  ( 56.89999999999999147, 2.399999999999999911, 4.900000000000000355 ) ) ;
#2389 = CARTESIAN_POINT ( 'NONE',  ( 53.94999999999999574, 34.69999999999998863, 19.14999999999999858 ) ) ;
#2390 = ORIENTED_EDGE ( 'NONE', *, *, #523, .T. ) ;
#2391 = EDGE_CURVE ( 'NONE', #2284, #668, #2137, .T. ) ;
#2392 = ADVANCED_FACE ( 'NONE', ( #517 ), #1250, .F. ) ;
#2393 = PLANE ( 'NONE',  #2131 ) ;
#2394 = DIRECTION ( 'NONE',  ( -0.000000000000000000, -0.000000000000000000, 1.000000000000000000 ) ) ;
#2395 = LINE ( 'NONE', #1083, #1507 ) ;
#2396 = ORIENTED_EDGE ( 'NONE', *, *, #1450, .T. ) ;
#2397 = EDGE_CURVE ( 'NONE', #1924, #881, #703, .T. ) ;
#2398 = DIRECTION ( 'NONE',  ( 0.000000000000000000, 0.000000000000000000, 1.000000000000000000 ) ) ;
#2399 = DIRECTION ( 'NONE',  ( 0.000000000000000000, 0.000000000000000000, -1.000000000000000000 ) ) ;
#2400 = EDGE_CURVE ( 'NONE', #2034, #2284, #1258, .T. ) ;
#2401 = ORIENTED_EDGE ( 'NONE', *, *, #1459, .F. ) ;
#2402 = ORIENTED_EDGE ( 'NONE', *, *, #171, .T. ) ;
#2403 = VECTOR ( 'NONE', #2224, 1000.000000000000000 ) ;
ENDSEC;
END-ISO-10303-21;
